170357537,0.8660254037844387,1520000.0,1517300.0,1524600.0,1535600.0,1543200.0,1546800.0,1547300.0,1565400.0,1565400.0,1565400.0,1565400.0,1565400.0,12
24007883,0.8660254037844387,323100.0,315200.0,308600.0,314500.0,286300.0,294700.0,299500.0,292600.0,297000.0,289400.0,286700.0,278300.0,12
24007876,0.8660254037844387,182600.0,148700.0,147100.0,145900.0,144800.0,143700.0,137500.0,107800.0,108200.0,107500.0,117400.0,114200.0,12
24001571,0.8660254037844387,259600.0,254100.0,254200.0,259800.0,263900.0,256500.0,253100.0,257800.0,255800.0,256700.0,246000.0,239700.0,12
24007788,0.8660254037844387,180100.0,176900.0,174200.0,174700.0,173500.0,174000.0,173600.0,171300.0,174500.0,172000.0,166300.0,162800.0,12
24007933,0.8660254037844387,252500.0,252800.0,254100.0,255600.0,256800.0,248300.0,246900.0,243700.0,252900.0,251600.0,234200.0,226700.0,12
170527369,0.8660254037844387,112400.0,147800.0,145400.0,191200.0,207100.0,193000.0,191800.0,189700.0,191900.0,174200.0,245400.0,240300.0,12
24007833,0.8660254037844387,1380700.0,1377000.0,1383200.0,1391500.0,1396500.0,1399800.0,1398400.0,1414400.0,1414400.0,1414400.0,1414400.0,1414400.0,12
24007778,0.8660254037844387,1351500.0,1347900.0,1353900.0,1361900.0,1366800.0,1370000.0,1368600.0,1386000.0,1386000.0,1386000.0,1386000.0,1386000.0,12
170357554,0.8660254037844387,342500.0,335100.0,329800.0,331000.0,344100.0,326200.0,319300.0,334000.0,322300.0,324500.0,316400.0,299100.0,12
170357549,0.8660254037844387,161200.0,215400.0,210700.0,216000.0,220500.0,220700.0,221700.0,218500.0,218300.0,220900.0,200500.0,197400.0,12
24008097,0.8660254037844387,1592000.0,1569900.0,1586700.0,1615900.0,1615900.0,1615900.0,836800.0,831400.0,827600.0,825200.0,1437100.0,1458200.0,12
24000510,0.8660254037844387,257700.0,256300.0,251400.0,269900.0,265300.0,298400.0,308900.0,283100.0,302800.0,308500.0,290900.0,292800.0,12
170488885,0.8660254037844387,387600.0,397900.0,398200.0,401700.0,401100.0,425900.0,425900.0,466400.0,386200.0,385500.0,383800.0,373100.0,12
24007862,0.8660254037844387,523400.0,519800.0,385600.0,385600.0,385600.0,385600.0,385600.0,385600.0,385600.0,385600.0,385600.0,385600.0,12
170588308,0.8660254037844387,221900.0,213900.0,245700.0,242300.0,247800.0,214100.0,253400.0,216600.0,228700.0,163900.0,306700.0,322500.0,12
170589271,0.8660254037844387,173700.0,170200.0,185400.0,184900.0,186000.0,188900.0,189800.0,190500.0,188000.0,191600.0,191700.0,80200.0,12
170570658,0.8660254037844387,390200.0,392100.0,392900.0,392300.0,389000.0,364000.0,361200.0,356800.0,409600.0,290600.0,353600.0,351900.0,12
24007898,0.8660254037844387,74700.0,74600.0,73300.0,80100.0,81100.0,79700.0,83100.0,83100.0,80600.0,75500.0,99300.0,87700.0,12
170586996,0.8660254037844387,161000.0,160500.0,158700.0,159000.0,170300.0,170900.0,152000.0,148100.0,148600.0,147700.0,146500.0,147800.0,12
170586351,0.8660254037844387,186600.0,186800.0,188100.0,188700.0,189400.0,189000.0,177400.0,175800.0,177800.0,168700.0,158800.0,154500.0,12
170578230,0.8660254037844387,479900.0,480400.0,479200.0,502200.0,506600.0,394000.0,429800.0,424300.0,427800.0,419600.0,409300.0,401300.0,12
170578231,0.8660254037844387,3703300.0,3707000.0,3748100.0,3733300.0,3746700.0,3778300.0,3195700.0,3234800.0,3406500.0,3406500.0,3406500.0,3406500.0,12
170579726,-0.8660254037844386,38500.0,38500.0,38500.0,38500.0,38500.0,38500.0,38500.0,38500.0,38500.0,38500.0,38500.0,38500.0,12
170580656,0.8660254037844387,288600.0,284200.0,275900.0,277000.0,287900.0,285900.0,285300.0,281000.0,280000.0,281200.0,277000.0,272500.0,12
170604371,0.8660254037844387,138300.0,137800.0,136400.0,140900.0,139800.0,153800.0,153500.0,126200.0,124200.0,124000.0,115100.0,113000.0,12
170603357,0.8660254037844387,437500.0,434800.0,436300.0,438200.0,440100.0,440300.0,437800.0,452100.0,467000.0,462900.0,383800.0,411300.0,12
170602505,0.8660254037844387,806300.0,847900.0,849100.0,850500.0,855600.0,861600.0,715600.0,734400.0,737300.0,706700.0,455800.0,449500.0,12
170605187,0.8660254037844387,1596700.0,1594500.0,1589600.0,1593400.0,1611200.0,1756300.0,1700500.0,1467400.0,1462800.0,1451500.0,1440800.0,1437800.0,12
170609242,0.8660254037844387,184600.0,195300.0,195900.0,194800.0,218000.0,220000.0,216700.0,216400.0,209400.0,212100.0,206600.0,199100.0,12
170609016,0.8660254037844387,274900.0,273600.0,271100.0,301800.0,303600.0,281700.0,279000.0,282000.0,273300.0,279600.0,271600.0,265600.0,12
170591039,0.8660254037844387,521500.0,513900.0,523100.0,553200.0,556300.0,471900.0,474200.0,471300.0,471500.0,461900.0,442400.0,434300.0,12
170613309,0.8660254037844387,421600.0,416700.0,441400.0,443100.0,445300.0,392500.0,390000.0,386200.0,370200.0,368500.0,387300.0,379200.0,12
24002616,0.8660254037844387,652600.0,630700.0,626900.0,620100.0,663300.0,638600.0,634700.0,639100.0,617500.0,612700.0,604600.0,606100.0,12
170608536,0.8660254037844387,158500.0,160300.0,170100.0,168800.0,148500.0,160700.0,147200.0,147800.0,142500.0,143500.0,138000.0,135800.0,12
170598171,0.8660254037844387,402700.0,391600.0,388200.0,393700.0,391600.0,391800.0,399100.0,397600.0,409300.0,399100.0,394100.0,382000.0,12
170599021,0.8660254037844387,634600.0,690700.0,692500.0,768600.0,914400.0,896500.0,881000.0,896800.0,876000.0,908100.0,871500.0,863400.0,12
170604414,0.8660254037844387,407300.0,404700.0,335500.0,333900.0,333100.0,331200.0,333200.0,327700.0,329600.0,328500.0,319800.0,312900.0,12
170602153,0.8660254037844387,411300.0,412900.0,438400.0,437400.0,458500.0,452200.0,446400.0,452700.0,475300.0,455100.0,445900.0,433400.0,12
170604902,0.8660254037844387,160300.0,165500.0,188900.0,166500.0,170300.0,169200.0,169000.0,167400.0,136500.0,125200.0,123000.0,121500.0,12
170607528,0.8660254037844387,96700.0,96000.0,96400.0,94800.0,73100.0,74100.0,77500.0,79300.0,82700.0,80500.0,85600.0,84700.0,12
170606427,0.8660254037844387,205600.0,202800.0,199000.0,200000.0,204900.0,195900.0,200200.0,196200.0,205100.0,195100.0,187300.0,184000.0,12
170608388,0.8660254037844387,192200.0,248800.0,250800.0,249700.0,169900.0,167500.0,168800.0,166900.0,164600.0,165600.0,160500.0,155600.0,12
170609182,0.8660254037844387,131500.0,133600.0,141900.0,139200.0,147500.0,158700.0,160800.0,159500.0,151400.0,153900.0,175200.0,220400.0,12
24006096,0.8660254037844387,723300.0,721400.0,730100.0,731000.0,660100.0,636300.0,632600.0,637800.0,620700.0,635700.0,624300.0,618600.0,12
170612822,0.8660254037844387,2220000.0,2212300.0,2210900.0,2212000.0,2441300.0,2456400.0,995973.0,995973.0,995973.0,995973.0,995973.0,995973.0,12
170614877,0.8660254037844387,401700.0,398700.0,391500.0,434700.0,335400.0,331700.0,330000.0,324200.0,325100.0,322900.0,317400.0,314500.0,12
24008133,0.8660254037844387,125200.0,159200.0,161400.0,156300.0,151900.0,155000.0,154200.0,152500.0,157500.0,156100.0,145800.0,142500.0,12
170615274,0.8660254037844387,285300.0,281700.0,290400.0,300100.0,254400.0,246100.0,245300.0,242700.0,242200.0,246000.0,244400.0,240100.0,12
170609616,0.8660254037844387,291000.0,290300.0,290000.0,287800.0,297200.0,309900.0,269900.0,269500.0,270200.0,271100.0,278500.0,280100.0,12
170614683,0.8660254037844387,96100.0,93600.0,93500.0,99200.0,81000.0,89000.0,90400.0,89200.0,89100.0,85600.0,86600.0,84900.0,12
170615232,0.8660254037844387,114900.0,114300.0,115700.0,115000.0,116300.0,107500.0,108100.0,106900.0,107600.0,99300.0,93600.0,91400.0,12
170616489,0.8660254037844387,157200.0,158000.0,156900.0,115500.0,108800.0,111400.0,110700.0,110000.0,111200.0,108300.0,105600.0,102000.0,12
170615464,0.8660254037844387,1032000.0,1033300.0,1032900.0,751300.0,783100.0,786600.0,762500.0,781500.0,776000.0,814400.0,624600.0,658400.0,12
24007154,0.8660254037844387,181600.0,181900.0,165700.0,164700.0,160400.0,159800.0,159300.0,159700.0,162200.0,159100.0,151600.0,147800.0,12
170614856,0.8660254037844387,495700.0,496900.0,486700.0,485900.0,503100.0,513800.0,511800.0,511000.0,515500.0,497000.0,494700.0,489600.0,12
170614330,0.8660254037844387,302100.0,304100.0,300300.0,297900.0,306000.0,299700.0,304100.0,305300.0,302300.0,297200.0,299300.0,289800.0,12
170604678,0.8660254037844387,75100.0,96200.0,108300.0,78400.0,81300.0,92000.0,98800.0,99300.0,92000.0,89300.0,82600.0,80800.0,12
170613334,0.8660254037844387,469900.0,481700.0,489800.0,338800.0,340200.0,337500.0,346000.0,345000.0,359900.0,330000.0,321000.0,314600.0,12
170614903,0.8660254037844387,230900.0,135700.0,134200.0,133000.0,129800.0,130300.0,139300.0,136700.0,140600.0,138500.0,129100.0,126800.0,12
170605539,0.8660254037844387,471800.0,411000.0,412200.0,398900.0,412100.0,396600.0,401200.0,400400.0,394100.0,402200.0,391100.0,381100.0,12
170615004,0.8660254037844387,130100.0,128600.0,105000.0,100300.0,94400.0,96200.0,97200.0,98000.0,100400.0,95100.0,89900.0,87000.0,12
24003972,0.8660254037844387,548900.0,543700.0,442700.0,436100.0,435100.0,430500.0,424200.0,429000.0,429300.0,424400.0,418800.0,409000.0,12
170610512,0.8660254037844387,195400.0,215900.0,212300.0,212400.0,215000.0,214900.0,213800.0,209800.0,214700.0,217000.0,205600.0,201300.0,12
170614068,0.8660254037844387,246900.0,238400.0,235900.0,233600.0,226400.0,232700.0,235200.0,236900.0,242000.0,235000.0,225200.0,222000.0,12
170607309,0.8660254037844387,795200.0,863000.0,780300.0,789900.0,796100.0,812200.0,800000.0,781500.0,769500.0,764800.0,787500.0,799900.0,12
170609206,0.8660254037844387,144900.0,149600.0,144100.0,142000.0,144200.0,145900.0,148200.0,149000.0,149200.0,150300.0,128000.0,126300.0,12
170599217,0.8660254037844387,840500.0,837600.0,837200.0,828200.0,845700.0,825000.0,831500.0,839400.0,851800.0,852100.0,822100.0,807800.0,12
170605503,0.8660254037844387,211800.0,250600.0,239800.0,239800.0,239800.0,239800.0,239800.0,239800.0,239800.0,239800.0,239800.0,231100.0,12
170614042,0.8660254037844387,1262600.0,1213100.0,1210600.0,1188800.0,1187000.0,1192300.0,1192600.0,1219600.0,1023600.0,1087100.0,1059600.0,1041600.0,12
170615377,0.8660254037844387,367400.0,390500.0,422000.0,347200.0,329500.0,322000.0,322000.0,320900.0,320400.0,293600.0,340700.0,357100.0,12
170607881,0.8660254037844387,119100.0,118400.0,103700.0,105000.0,101900.0,103100.0,103500.0,103500.0,102100.0,101200.0,93900.0,91700.0,12
170624847,0.8660254037844387,609200.0,609400.0,610500.0,618100.0,620200.0,620400.0,619900.0,631600.0,665900.0,674600.0,671900.0,674300.0,12
170619996,0.8660254037844387,329700.0,351200.0,252200.0,252700.0,257700.0,258200.0,260000.0,258400.0,263400.0,261100.0,251800.0,246400.0,12
170619168,0.8660254037844387,243400.0,239800.0,250800.0,234900.0,235100.0,234100.0,233500.0,230600.0,234800.0,231600.0,222600.0,217600.0,12
170623960,0.8660254037844387,431000.0,431400.0,428000.0,414300.0,419600.0,403100.0,402800.0,406200.0,407500.0,409000.0,395200.0,389000.0,12
24008916,0.8660254037844387,352300.0,350600.0,336900.0,338900.0,338600.0,335600.0,333400.0,338700.0,332900.0,336000.0,329500.0,322900.0,12
170603572,0.8660254037844387,222000.0,222100.0,215800.0,212700.0,210600.0,209700.0,207600.0,208800.0,205200.0,207500.0,200800.0,196200.0,12
170616998,0.8660254037844387,104000.0,103400.0,117800.0,113700.0,112300.0,112400.0,111400.0,111700.0,112600.0,107800.0,102900.0,99100.0,12
170614057,0.8660254037844387,392200.0,389100.0,400000.0,410400.0,397900.0,379000.0,374600.0,375600.0,353100.0,339200.0,359200.0,348700.0,12
170621722,0.8660254037844387,343900.0,341200.0,313400.0,315200.0,308100.0,301300.0,301600.0,294400.0,302300.0,299200.0,288000.0,284900.0,12
24003251,0.8660254037844387,409400.0,436100.0,442300.0,440800.0,434300.0,437300.0,425000.0,422100.0,419800.0,411800.0,409500.0,406500.0,12
24003252,0.8660254037844387,127000.0,142800.0,156000.0,149600.0,148400.0,149100.0,150200.0,149000.0,150300.0,147800.0,141700.0,138600.0,12
170623131,0.8660254037844387,683800.0,719400.0,447998.0,447998.0,447998.0,447998.0,447998.0,447998.0,447998.0,447998.0,447998.0,447998.0,12
170626736,0.8660254037844387,199900.0,200100.0,148100.0,138600.0,140500.0,137100.0,135100.0,134000.0,132900.0,132700.0,132600.0,131700.0,12
170626167,0.8660254037844387,328500.0,325700.0,301300.0,304400.0,319100.0,318200.0,319300.0,320800.0,330900.0,312900.0,300000.0,285800.0,12
170626587,0.8660254037844387,487400.0,485100.0,439200.0,441900.0,454300.0,448000.0,455200.0,453900.0,457800.0,450600.0,429300.0,425700.0,12
24004651,0.8660254037844387,257300.0,175200.0,181600.0,198000.0,212100.0,202500.0,204600.0,196000.0,187600.0,204500.0,246300.0,258300.0,12
170624474,0.8660254037844387,256800.0,255200.0,271000.0,237900.0,242400.0,218200.0,220300.0,220700.0,222600.0,224600.0,221600.0,219800.0,12
170623936,0.8660254037844387,1203700.0,682900.0,684300.0,694200.0,682000.0,681700.0,717900.0,903600.0,887400.0,880700.0,859100.0,836100.0,12
170624783,0.8660254037844387,420400.0,415300.0,407300.0,411900.0,426200.0,414800.0,402500.0,397800.0,389400.0,387300.0,384600.0,385300.0,12
170620675,0.8660254037844387,451400.0,400800.0,395700.0,400000.0,407900.0,397800.0,397600.0,393300.0,396300.0,378300.0,386300.0,378900.0,12
170622820,0.8660254037844387,180100.0,177300.0,198300.0,199300.0,206600.0,204400.0,210800.0,206500.0,206100.0,208800.0,200600.0,196500.0,12
170626889,0.8660254037844387,506600.0,507900.0,552800.0,567100.0,581300.0,564000.0,569500.0,576500.0,560200.0,556800.0,564100.0,549900.0,12
170626268,0.8660254037844387,136600.0,135400.0,143900.0,108600.0,102900.0,103600.0,104900.0,105400.0,107800.0,101800.0,96800.0,93100.0,12
170626517,0.8660254037844387,432200.0,384300.0,381200.0,389700.0,386700.0,390400.0,378000.0,375400.0,373100.0,365100.0,363300.0,361200.0,12
170624927,0.8660254037844387,468300.0,469600.0,501700.0,491200.0,518400.0,487500.0,445500.0,452500.0,447500.0,445500.0,435000.0,426700.0,12
170623618,0.8660254037844387,232300.0,225000.0,232800.0,229500.0,232700.0,236100.0,224300.0,221800.0,233300.0,228000.0,238400.0,226300.0,12
170618992,0.8660254037844387,268200.0,276800.0,285600.0,200700.0,206000.0,205300.0,206600.0,204300.0,203700.0,198400.0,197500.0,192500.0,12
170620067,0.8660254037844387,805400.0,807300.0,657200.0,652300.0,673600.0,654700.0,655600.0,663900.0,649600.0,668200.0,679700.0,666100.0,12
170623495,0.8660254037844387,378700.0,368800.0,363600.0,359100.0,359000.0,350500.0,355900.0,357200.0,351800.0,355500.0,349200.0,339000.0,12
170623039,0.8660254037844387,206000.0,206500.0,151700.0,150200.0,150600.0,151000.0,151600.0,152800.0,151000.0,149000.0,143500.0,140300.0,12
170620354,0.8660254037844387,151400.0,123800.0,123400.0,118900.0,116600.0,122300.0,123100.0,122400.0,124100.0,117900.0,117100.0,117600.0,12
170626527,0.8660254037844387,226000.0,222900.0,217100.0,219500.0,195700.0,193000.0,192300.0,189900.0,192000.0,189800.0,178300.0,175100.0,12
170624502,0.8660254037844387,177700.0,144800.0,146100.0,143700.0,135900.0,133900.0,134200.0,132800.0,137400.0,129100.0,134500.0,126500.0,12
170623430,0.8660254037844387,598200.0,586700.0,539400.0,546000.0,545900.0,554700.0,556300.0,549500.0,561600.0,540300.0,537500.0,519900.0,12
170622933,0.8660254037844387,329000.0,365100.0,365100.0,367200.0,370800.0,371000.0,339100.0,334100.0,334700.0,329400.0,326300.0,321200.0,12
170624471,0.8660254037844387,117800.0,117500.0,118300.0,116500.0,118700.0,119600.0,121700.0,118800.0,89600.0,88100.0,83200.0,80600.0,12
170623934,0.8660254037844387,110400.0,120100.0,120800.0,99300.0,100700.0,101000.0,100500.0,99000.0,96000.0,100000.0,90800.0,88600.0,12
170626635,0.8660254037844387,232700.0,237700.0,284600.0,224200.0,224000.0,236400.0,223900.0,234900.0,224700.0,233800.0,202600.0,202200.0,12
170624092,0.8660254037844387,336300.0,355900.0,359700.0,352500.0,360200.0,349200.0,348900.0,349000.0,347900.0,345800.0,335900.0,326700.0,12
170621746,0.8660254037844387,462900.0,463900.0,457200.0,461400.0,447600.0,455800.0,451400.0,455400.0,457900.0,453900.0,438700.0,430400.0,12
170624926,0.8660254037844387,248600.0,246100.0,219200.0,216100.0,212400.0,208900.0,207300.0,206800.0,204500.0,204500.0,205700.0,201700.0,12
24002047,0.8660254037844387,122800.0,128800.0,130300.0,122600.0,115900.0,116200.0,126500.0,121800.0,114800.0,108300.0,100600.0,97200.0,12
170625248,0.8660254037844387,287400.0,291100.0,284000.0,283700.0,285300.0,286100.0,294400.0,296800.0,291400.0,295200.0,298300.0,299100.0,12
170617657,0.8660254037844387,122800.0,117700.0,120900.0,116800.0,114200.0,114300.0,114800.0,114000.0,116500.0,113700.0,106700.0,104800.0,12
170625856,0.8660254037844387,408900.0,316700.0,316100.0,311900.0,314500.0,309500.0,305300.0,310000.0,342900.0,299800.0,301100.0,293500.0,12
170626138,0.8660254037844387,439500.0,456700.0,433700.0,434000.0,446000.0,389300.0,388500.0,391200.0,391200.0,389600.0,384200.0,374600.0,12
170625674,0.8660254037844387,295700.0,293100.0,285700.0,320300.0,322000.0,325600.0,327300.0,326500.0,230100.0,222500.0,218700.0,218000.0,12
170623841,0.8660254037844387,416500.0,304900.0,296100.0,291400.0,287200.0,285000.0,281800.0,278900.0,282400.0,277800.0,250100.0,246000.0,12
170621396,0.8660254037844387,266800.0,268000.0,249900.0,249600.0,256000.0,254600.0,254500.0,249100.0,249100.0,249000.0,244200.0,240200.0,12
170617121,0.8660254037844387,351300.0,347600.0,343400.0,339700.0,335800.0,339100.0,335000.0,334200.0,334800.0,326700.0,320900.0,312800.0,12
170616419,0.8660254037844387,1493600.0,1491600.0,1503200.0,1493100.0,1540000.0,1450000.0,1439800.0,1475300.0,1535800.0,1547000.0,1452700.0,1598400.0,12
24002092,0.8660254037844387,487900.0,488200.0,406600.0,409200.0,413900.0,401100.0,395700.0,398400.0,385800.0,387400.0,384500.0,375800.0,12
170615936,0.8660254037844387,462400.0,460300.0,421700.0,432400.0,424100.0,429200.0,425900.0,423600.0,439200.0,429200.0,411200.0,401700.0,12
24007773,0.8660254037844387,192400.0,221400.0,219600.0,172300.0,171000.0,167500.0,164200.0,164400.0,160200.0,159900.0,158700.0,156300.0,12
170620086,0.8660254037844387,549300.0,581000.0,474800.0,479100.0,482900.0,479400.0,506900.0,509600.0,501600.0,484600.0,489900.0,489000.0,12
170617423,0.8660254037844387,268900.0,263000.0,274500.0,285300.0,285100.0,287600.0,293800.0,286900.0,276900.0,279400.0,268700.0,264000.0,12
170617933,0.8660254037844387,363100.0,358700.0,352200.0,347400.0,331900.0,338700.0,331900.0,311500.0,297400.0,289200.0,285300.0,277900.0,12
170623952,0.8660254037844387,400900.0,320800.0,312200.0,322500.0,296400.0,299300.0,304000.0,297600.0,292600.0,299100.0,301400.0,293800.0,12
170620473,0.8660254037844387,621700.0,553000.0,548100.0,538300.0,490600.0,481700.0,523800.0,464900.0,470200.0,454400.0,477000.0,459700.0,12
170624771,0.8660254037844387,204400.0,204300.0,202500.0,184300.0,184000.0,183900.0,183400.0,184500.0,183300.0,187400.0,172400.0,168300.0,12
24003918,0.8660254037844387,207500.0,207400.0,224400.0,221500.0,219900.0,217500.0,215100.0,217000.0,216200.0,217700.0,207000.0,202800.0,12
170625534,0.8660254037844387,1537900.0,1342700.0,1361900.0,1343700.0,1450200.0,1446500.0,1418200.0,1441200.0,1404100.0,1373400.0,1336500.0,1335100.0,12
24001709,0.8660254037844387,173900.0,158900.0,158000.0,158200.0,158300.0,158900.0,158600.0,157000.0,179500.0,123400.0,119500.0,115800.0,12
170617100,0.8660254037844387,567900.0,598300.0,598300.0,489200.0,484500.0,473700.0,491500.0,497200.0,495400.0,481400.0,635800.0,473200.0,12
170618235,0.8660254037844387,227100.0,235700.0,236900.0,237200.0,239500.0,238500.0,227600.0,227400.0,209100.0,207100.0,203300.0,200200.0,12
170618024,0.8660254037844387,352100.0,389300.0,381400.0,379000.0,386900.0,378700.0,370900.0,365800.0,365700.0,359900.0,361500.0,357400.0,12
170618470,0.8660254037844387,560600.0,600600.0,446300.0,445000.0,444500.0,434100.0,420800.0,423700.0,392700.0,397900.0,413500.0,398200.0,12
24001153,0.8660254037844387,111600.0,109000.0,110100.0,106500.0,108900.0,113600.0,115100.0,114500.0,110900.0,112700.0,107000.0,105200.0,12
170621567,0.8660254037844387,204600.0,203200.0,201700.0,199200.0,202700.0,207800.0,206300.0,205500.0,207500.0,195600.0,195700.0,191700.0,12
170626744,0.8660254037844387,306700.0,259900.0,255100.0,257800.0,253700.0,253300.0,249900.0,243700.0,252400.0,245300.0,237900.0,231800.0,12
170621807,0.8660254037844387,805400.0,816900.0,760600.0,757000.0,764300.0,741900.0,731000.0,735800.0,723200.0,720200.0,712800.0,701200.0,12
170621765,0.8660254037844387,438100.0,369900.0,339100.0,304700.0,290600.0,292900.0,289800.0,282700.0,293700.0,282400.0,269100.0,264300.0,12
24003318,0.8660254037844387,200800.0,193600.0,187000.0,194500.0,189800.0,197700.0,196900.0,198100.0,183100.0,182400.0,213900.0,215700.0,12
170626354,0.8660254037844387,114000.0,153000.0,117000.0,104600.0,110900.0,120100.0,121100.0,120300.0,120500.0,116600.0,116200.0,112000.0,12
170625849,0.8660254037844387,589900.0,566800.0,562700.0,566100.0,562500.0,567900.0,561100.0,551100.0,580200.0,551900.0,545300.0,530100.0,12
170625009,0.8660254037844387,1274600.0,1079400.0,1085600.0,1071000.0,1100000.0,1073100.0,1096800.0,1075800.0,1077700.0,1055600.0,975900.0,967800.0,12
170625667,0.8660254037844387,330800.0,323800.0,316500.0,320800.0,326700.0,330000.0,327500.0,326200.0,333500.0,326400.0,323400.0,320200.0,12
170624639,0.8660254037844387,120100.0,79700.0,81300.0,78300.0,80000.0,81600.0,84400.0,81400.0,82300.0,81200.0,75400.0,74900.0,12
170625395,0.8660254037844387,336100.0,345900.0,337400.0,341600.0,343500.0,335200.0,337900.0,335400.0,345200.0,332600.0,327400.0,319100.0,12
170615126,0.8660254037844387,331600.0,319900.0,315000.0,323200.0,306700.0,314300.0,313900.0,307900.0,314000.0,304800.0,297400.0,290000.0,12
170625013,0.8660254037844387,229400.0,192800.0,185100.0,178700.0,176800.0,185200.0,193100.0,179800.0,175500.0,180200.0,138400.0,138400.0,12
170625172,0.8660254037844387,198300.0,195300.0,195000.0,194000.0,193100.0,194500.0,196300.0,197300.0,204500.0,205500.0,187100.0,187100.0,12
170618442,0.8660254037844387,287900.0,285800.0,275600.0,279400.0,287100.0,276200.0,291200.0,287400.0,291900.0,282300.0,300400.0,293100.0,12
24000278,0.8660254037844387,376500.0,369900.0,366100.0,362400.0,369400.0,358800.0,362100.0,362500.0,359100.0,348100.0,354600.0,347700.0,12
170620560,0.8660254037844387,287200.0,282400.0,278100.0,276200.0,284500.0,279800.0,283000.0,282100.0,268800.0,282300.0,265600.0,263800.0,12
170625109,0.8660254037844387,203900.0,193400.0,191600.0,192800.0,181300.0,187100.0,187400.0,185600.0,190600.0,179800.0,173500.0,169400.0,12
170624511,0.8660254037844387,770300.0,749700.0,748000.0,737400.0,745200.0,732900.0,722000.0,720400.0,658800.0,662200.0,665100.0,655100.0,12
24005115,0.8660254037844387,446800.0,437000.0,426300.0,430600.0,441900.0,429000.0,426100.0,431600.0,423700.0,428100.0,431100.0,423100.0,12
24005127,0.8660254037844387,220000.0,217200.0,212000.0,212400.0,212200.0,212800.0,213900.0,210200.0,218600.0,206100.0,204200.0,199400.0,12
24005290,0.8660254037844387,163100.0,159900.0,158100.0,156400.0,155400.0,156800.0,155400.0,155800.0,154700.0,151900.0,147500.0,143900.0,12
170620668,0.8660254037844387,250900.0,251500.0,252200.0,234600.0,235600.0,235600.0,236000.0,234000.0,241200.0,230100.0,235200.0,225400.0,12
24000217,0.8660254037844387,926100.0,913100.0,902000.0,898600.0,911900.0,890300.0,877200.0,869700.0,862500.0,861500.0,861000.0,855100.0,12
170619833,0.8660254037844387,333000.0,297700.0,284000.0,274800.0,280100.0,281100.0,283900.0,284700.0,288200.0,281300.0,280300.0,273300.0,12
24000462,0.8660254037844387,113400.0,109400.0,109800.0,105500.0,102600.0,111500.0,111600.0,110000.0,109000.0,109900.0,105600.0,104600.0,12
170623197,0.8660254037844387,450200.0,437000.0,430900.0,427100.0,434700.0,425600.0,423800.0,426900.0,414100.0,435900.0,439200.0,430000.0,12
24002521,0.8660254037844387,101600.0,102300.0,102400.0,104000.0,104300.0,103400.0,154400.0,152000.0,156100.0,153300.0,137300.0,134400.0,12
170619067,0.8660254037844387,160100.0,110400.0,109800.0,108500.0,106500.0,115400.0,116500.0,115800.0,114500.0,113900.0,114100.0,112500.0,12
170621744,0.8660254037844387,126500.0,88000.0,88600.0,83200.0,83900.0,88600.0,89400.0,88300.0,90100.0,85400.0,80800.0,78600.0,12
24000263,0.8660254037844387,192500.0,137000.0,134300.0,130500.0,136400.0,143400.0,154200.0,149700.0,157800.0,145000.0,138200.0,137100.0,12
170625451,0.8660254037844387,284800.0,273900.0,274200.0,276400.0,285400.0,278400.0,275900.0,280300.0,278700.0,283000.0,268400.0,263700.0,12
24003949,0.8660254037844387,362600.0,355100.0,349000.0,352800.0,347000.0,349600.0,350200.0,346000.0,354600.0,347500.0,344900.0,339100.0,12
24001668,0.8660254037844387,192500.0,188700.0,193800.0,188500.0,193600.0,187700.0,188600.0,187800.0,181100.0,184100.0,175400.0,172700.0,12
24001841,0.8660254037844387,220000.0,216500.0,212700.0,209300.0,210500.0,211000.0,212300.0,210800.0,208800.0,206400.0,201900.0,198600.0,12
170625617,0.8660254037844387,409100.0,397200.0,395000.0,398500.0,405900.0,394000.0,391200.0,391100.0,383000.0,385300.0,380900.0,373300.0,12
24000490,0.8660254037844387,309000.0,301200.0,306700.0,296300.0,297100.0,295800.0,297700.0,302400.0,305500.0,313100.0,292600.0,290900.0,12
24006606,0.8660254037844387,549900.0,573900.0,565000.0,558500.0,566800.0,547000.0,537000.0,542300.0,547900.0,545700.0,529200.0,517700.0,12
170621901,0.8660254037844387,308100.0,301900.0,295000.0,299300.0,309400.0,302400.0,300600.0,294500.0,293800.0,291100.0,285800.0,285600.0,12
24003567,0.8660254037844387,571400.0,509000.0,506100.0,517600.0,515600.0,500700.0,501400.0,506600.0,488900.0,482200.0,490300.0,482400.0,12
170619896,0.8660254037844387,462100.0,464100.0,463900.0,462400.0,463000.0,464200.0,465000.0,522600.0,416900.0,410200.0,431100.0,486000.0,12
24004958,0.8660254037844387,213500.0,207200.0,206300.0,206600.0,205400.0,207900.0,209700.0,208500.0,202900.0,198300.0,198700.0,192900.0,12
24004640,0.8660254037844387,356400.0,291800.0,289300.0,291300.0,288800.0,277800.0,275600.0,278500.0,273500.0,279500.0,269100.0,264300.0,12
170626040,0.8660254037844387,324700.0,329300.0,319600.0,325600.0,328800.0,321400.0,321400.0,323000.0,324400.0,322700.0,320200.0,311600.0,12
24002423,0.8660254037844387,1479500.0,1465900.0,1495400.0,1440000.0,1406900.0,1374100.0,1383900.0,1367300.0,1362200.0,1354600.0,1409300.0,1439300.0,12
24005444,0.8660254037844387,654700.0,567500.0,564700.0,570300.0,569900.0,577500.0,581400.0,569700.0,592900.0,567900.0,558400.0,540500.0,12
24008493,0.8660254037844387,371800.0,360300.0,362200.0,360500.0,370100.0,361400.0,364300.0,357800.0,355700.0,349200.0,346100.0,339200.0,12
24008934,0.8660254037844387,289800.0,257700.0,257900.0,256200.0,258500.0,253800.0,251900.0,253700.0,265300.0,267100.0,265000.0,265100.0,12
24007727,0.8660254037844387,820100.0,799100.0,795900.0,781900.0,795600.0,780600.0,767900.0,763400.0,760600.0,787000.0,780500.0,592900.0,12
24005224,0.8660254037844387,1988600.0,1934700.0,1940100.0,1945000.0,1954800.0,1964300.0,2178900.0,2163000.0,2196100.0,2156700.0,2032200.0,2030900.0,12
24006368,0.8660254037844387,339400.0,335200.0,332400.0,326600.0,319100.0,304800.0,310300.0,308200.0,314200.0,319600.0,299500.0,292000.0,12
24006620,0.8660254037844387,168700.0,100100.0,100500.0,101500.0,101500.0,99300.0,125000.0,118400.0,108900.0,99600.0,98400.0,98600.0,12
24006482,0.8660254037844387,396100.0,383600.0,379200.0,381700.0,388100.0,376500.0,376800.0,379400.0,378400.0,376700.0,365800.0,357300.0,12
24005999,0.8660254037844387,192900.0,178000.0,180000.0,174600.0,174900.0,175700.0,173300.0,168100.0,166300.0,166100.0,162800.0,160600.0,12
24007612,0.8660254037844387,315100.0,248100.0,240200.0,242400.0,230800.0,235500.0,237900.0,232100.0,227400.0,221300.0,258200.0,260300.0,12
24007596,0.8660254037844387,317300.0,253500.0,254200.0,255800.0,257100.0,258200.0,256600.0,266100.0,302400.0,300500.0,221900.0,216700.0,12
24006707,0.8660254037844387,160100.0,126200.0,126100.0,126000.0,125900.0,134200.0,134800.0,133200.0,131400.0,130000.0,128000.0,125800.0,12
24007651,0.8660254037844387,163800.0,162800.0,161100.0,178300.0,180900.0,177800.0,170200.0,168600.0,172500.0,172800.0,159000.0,155700.0,12
24008248,0.8660254037844387,262300.0,259400.0,255500.0,250400.0,243400.0,249700.0,243200.0,239300.0,247800.0,233600.0,234000.0,229000.0,12
24006889,0.8660254037844387,250000.0,202700.0,203200.0,204200.0,205600.0,206600.0,203600.0,223900.0,221100.0,226500.0,214000.0,209500.0,12
24005407,0.8660254037844387,160000.0,118300.0,117600.0,116400.0,113500.0,122900.0,124600.0,123400.0,125200.0,122700.0,120000.0,118900.0,12
24002681,0.8660254037844387,579600.0,401900.0,395900.0,389100.0,394300.0,377900.0,372500.0,367900.0,368300.0,359700.0,358500.0,352200.0,12
24008716,0.8660254037844387,208200.0,204800.0,206300.0,202800.0,203900.0,204100.0,201900.0,202400.0,198700.0,201300.0,194100.0,189000.0,12
24007371,0.8660254037844387,257400.0,260200.0,228000.0,217900.0,191700.0,182200.0,179900.0,178300.0,176300.0,176000.0,175900.0,175200.0,12
24007530,0.8660254037844387,145700.0,143500.0,146800.0,162800.0,182300.0,173600.0,172000.0,165800.0,163500.0,158300.0,271200.0,249700.0,12
24001008,0.8660254037844387,352800.0,342300.0,338900.0,342100.0,343500.0,334300.0,332800.0,332600.0,335500.0,331900.0,333600.0,326400.0,12
24004194,0.8660254037844387,219900.0,211200.0,207800.0,209400.0,206800.0,211700.0,208800.0,207600.0,214000.0,215600.0,200400.0,196200.0,12
24005978,0.8660254037844387,184800.0,166400.0,166100.0,162200.0,162600.0,160700.0,159600.0,157700.0,162400.0,154500.0,149700.0,147500.0,12
24007427,0.8660254037844387,293100.0,242300.0,235300.0,235300.0,235300.0,234900.0,219000.0,204800.0,199900.0,198900.0,197800.0,198100.0,12
24005599,0.8660254037844387,343900.0,337600.0,336700.0,333300.0,338000.0,329400.0,332600.0,338800.0,349100.0,336400.0,307200.0,298500.0,12
24008268,0.8660254037844387,153600.0,193600.0,192900.0,140000.0,139700.0,145000.0,140000.0,141900.0,139100.0,137400.0,132300.0,130100.0,12
24006768,0.8660254037844387,211300.0,213600.0,215200.0,209000.0,210600.0,221500.0,221600.0,213200.0,214000.0,213700.0,274400.0,253100.0,12
24005700,0.8660254037844387,213400.0,208800.0,209500.0,210000.0,218200.0,212900.0,211000.0,210600.0,218800.0,204500.0,205100.0,200000.0,12
24007500,0.8660254037844387,483100.0,475400.0,471000.0,477200.0,474200.0,470100.0,477600.0,492300.0,492200.0,476500.0,460200.0,449700.0,12
24005891,0.8660254037844387,262400.0,262300.0,259600.0,255800.0,251400.0,247200.0,245400.0,244900.0,242100.0,242000.0,243600.0,238800.0,12
24005567,0.8660254037844387,285100.0,265900.0,265900.0,265900.0,265900.0,264700.0,207600.0,207600.0,207600.0,207600.0,207600.0,185700.0,12
24006916,0.8660254037844387,269700.0,265700.0,259900.0,260900.0,257200.0,261100.0,258500.0,253400.0,263800.0,260400.0,252000.0,245900.0,12
24002873,0.49999999999999994,204535.0,204535.0,204535.0,204535.0,204535.0,151900.0,151900.0,151900.0,151900.0,151900.0,151900.0,151900.0,12
24009064,0.8660254037844387,438100.0,275100.0,275900.0,275900.0,277800.0,281000.0,282000.0,278100.0,296600.0,285200.0,287200.0,268800.0,12
24005812,0.8660254037844387,493300.0,462000.0,463400.0,463500.0,467900.0,475400.0,473600.0,470400.0,460600.0,500500.0,268000.0,267800.0,12
24008540,0.8660254037844387,358800.0,344600.0,336200.0,334300.0,331000.0,334200.0,332800.0,331000.0,332900.0,321700.0,325200.0,315700.0,12
24005817,0.8660254037844387,807900.0,461200.0,457200.0,455700.0,460800.0,468000.0,465600.0,463600.0,480000.0,477800.0,453500.0,442900.0,12
24001224,0.8660254037844387,350900.0,314600.0,310800.0,318800.0,315700.0,313800.0,315100.0,317700.0,318500.0,311000.0,295100.0,274700.0,12
24005492,0.8660254037844387,183600.0,182000.0,178500.0,180400.0,181700.0,174400.0,175200.0,172100.0,170200.0,170800.0,163500.0,160700.0,12
24004471,0.8660254037844387,219700.0,221000.0,211500.0,214600.0,214000.0,217200.0,218000.0,214100.0,213900.0,211500.0,204600.0,199500.0,12
24006502,0.8660254037844387,163600.0,156200.0,156800.0,157700.0,164100.0,169000.0,167900.0,165800.0,171300.0,162500.0,159700.0,159100.0,12
24008410,0.8660254037844387,168000.0,166400.0,166600.0,174600.0,180200.0,173300.0,174600.0,175400.0,163600.0,160700.0,324600.0,242400.0,12
24006956,0.8660254037844387,174100.0,137900.0,140800.0,138800.0,137400.0,136500.0,129100.0,129200.0,129100.0,124400.0,127800.0,125400.0,12
24003421,0.8660254037844387,385500.0,371400.0,371000.0,367900.0,368700.0,361700.0,358900.0,357700.0,373500.0,369200.0,351600.0,344900.0,12
24004922,0.8660254037844387,235100.0,229900.0,226600.0,230000.0,215000.0,212500.0,211300.0,209800.0,208300.0,208500.0,202500.0,198700.0,12
24004435,0.8660254037844387,308700.0,295900.0,297200.0,293000.0,303400.0,297200.0,298600.0,300000.0,298600.0,301800.0,297300.0,289400.0,12
24008843,0.8660254037844387,516100.0,439900.0,424100.0,421500.0,438700.0,402900.0,402800.0,400300.0,406200.0,393200.0,393600.0,385300.0,12
24008189,0.8660254037844387,1105200.0,1133200.0,1138400.0,1309200.0,1465100.0,1432500.0,1316700.0,1366900.0,1339800.0,1327000.0,1280700.0,1302200.0,12
24005956,0.8660254037844387,263200.0,255500.0,252200.0,253900.0,249900.0,252800.0,252300.0,251100.0,255200.0,250100.0,244300.0,239000.0,12
24007480,0.8660254037844387,308700.0,251100.0,252500.0,253600.0,246400.0,217900.0,224000.0,220600.0,222200.0,206000.0,261700.0,258000.0,12
24005620,0.8660254037844387,720400.0,698400.0,691600.0,693400.0,718300.0,686700.0,678900.0,692600.0,684900.0,697400.0,685000.0,675800.0,12
24003601,0.8660254037844387,359300.0,349900.0,349200.0,344800.0,347000.0,341800.0,356500.0,345000.0,344100.0,365900.0,363300.0,357700.0,12
24006647,0.8660254037844387,136600.0,131100.0,134200.0,137300.0,134800.0,133200.0,137300.0,137600.0,141400.0,131800.0,151100.0,152100.0,12
24001005,-0.4999999999999997,88900.0,88900.0,88900.0,88900.0,88900.0,88900.0,88900.0,88900.0,88900.0,88900.0,88900.0,88900.0,12
24008334,0.8660254037844387,208600.0,179100.0,180600.0,177400.0,178500.0,172900.0,170500.0,167600.0,167400.0,165900.0,166600.0,165400.0,12
24005294,0.8660254037844387,827700.0,807400.0,813000.0,829800.0,829800.0,829800.0,829800.0,829800.0,779800.0,802200.0,864100.0,849300.0,12
24006694,0.8660254037844387,297700.0,342900.0,335500.0,335800.0,336500.0,346200.0,343200.0,343300.0,342300.0,338600.0,327200.0,305900.0,12
24004461,0.8660254037844387,158800.0,121700.0,121200.0,122500.0,120800.0,120000.0,120800.0,117800.0,116700.0,115600.0,109400.0,106700.0,12
24001007,0.8660254037844387,158100.0,154100.0,153800.0,149900.0,145800.0,155800.0,158700.0,158000.0,161000.0,155900.0,156300.0,152200.0,12
24001822,0.8660254037844387,163700.0,159500.0,159600.0,151900.0,154900.0,157700.0,159500.0,160000.0,160100.0,156400.0,163900.0,160600.0,12
24006082,0.8660254037844387,97900.0,82900.0,83600.0,82300.0,81900.0,87900.0,89100.0,90100.0,87600.0,87600.0,85100.0,82200.0,12
24006771,0.8660254037844387,226700.0,223400.0,217400.0,215800.0,219700.0,218600.0,217500.0,213400.0,222400.0,219000.0,209100.0,204400.0,12
24004787,0.8660254037844387,85400.0,81700.0,81000.0,79400.0,80300.0,82300.0,84600.0,82800.0,82700.0,78000.0,81400.0,79300.0,12
24006418,0.8660254037844387,235800.0,230500.0,230900.0,229600.0,235100.0,226400.0,229700.0,230300.0,227800.0,229600.0,217300.0,213800.0,12
24005752,0.8660254037844387,380000.0,375000.0,365300.0,364400.0,369700.0,360300.0,369600.0,369700.0,369700.0,366400.0,371200.0,351700.0,12
24005419,0.8660254037844387,95100.0,86400.0,86200.0,81700.0,81800.0,81000.0,81300.0,90500.0,90500.0,91600.0,91200.0,90200.0,12
24003510,0.8660254037844387,140100.0,138400.0,138400.0,134200.0,133300.0,132100.0,136200.0,134600.0,134300.0,134900.0,132000.0,131400.0,12
24007487,0.8660254037844387,152500.0,147800.0,152300.0,150900.0,146900.0,148500.0,143500.0,107200.0,107200.0,107200.0,107200.0,107200.0,12
24005945,0.8660254037844387,423200.0,417000.0,413600.0,410200.0,425900.0,409100.0,406900.0,410800.0,418200.0,415500.0,404700.0,400700.0,12
24005502,0.8660254037844387,297000.0,289700.0,293100.0,289400.0,298000.0,294100.0,292100.0,291700.0,292000.0,287900.0,269900.0,263300.0,12
24005892,0.8660254037844387,307900.0,302100.0,295600.0,297300.0,296800.0,301900.0,299500.0,300600.0,290100.0,290800.0,307300.0,285700.0,12
24004434,0.8660254037844387,213500.0,208700.0,206400.0,203200.0,201100.0,204100.0,200100.0,199200.0,202700.0,197100.0,190500.0,186300.0,12
24008164,0.8660254037844387,564400.0,551900.0,548000.0,537500.0,545400.0,530100.0,527900.0,525900.0,520900.0,514300.0,509100.0,509800.0,12
24006278,0.8660254037844387,169400.0,146100.0,143900.0,142400.0,146400.0,155500.0,156300.0,155200.0,156500.0,155600.0,148300.0,145600.0,12
24008650,0.8660254037844387,225200.0,220400.0,220300.0,220000.0,224300.0,216700.0,219200.0,218300.0,216700.0,223700.0,216800.0,210400.0,12
24005321,0.8660254037844387,397900.0,372300.0,361000.0,370400.0,360000.0,359100.0,353700.0,349900.0,359400.0,351800.0,330800.0,324400.0,12
24008355,0.8660254037844387,193700.0,192100.0,190600.0,188900.0,191800.0,191400.0,191800.0,190000.0,188400.0,189700.0,180500.0,179000.0,12
24007039,0.8660254037844387,733500.0,737400.0,734300.0,769100.0,725900.0,728800.0,617600.0,615600.0,611200.0,609900.0,486300.0,556100.0,12
24007481,0.8660254037844387,1111800.0,1082200.0,1087800.0,1050400.0,1085300.0,1052000.0,1045700.0,1049000.0,1054300.0,1053900.0,1006000.0,992500.0,12
24002077,0.8660254037844387,359900.0,348500.0,346100.0,340500.0,342600.0,339300.0,342700.0,338500.0,337400.0,334700.0,336000.0,331600.0,12
24000853,0.8660254037844387,232000.0,228600.0,231800.0,227400.0,232700.0,229100.0,223200.0,230400.0,224900.0,230600.0,202600.0,199200.0,12
24003909,0.8660254037844387,355600.0,351900.0,345500.0,347300.0,349600.0,346400.0,351400.0,348500.0,352100.0,355700.0,345600.0,342000.0,12
24005499,0.8660254037844387,348800.0,347000.0,338800.0,339600.0,339100.0,350300.0,347800.0,347100.0,345700.0,338600.0,333300.0,324600.0,12
24004918,0.8660254037844387,363600.0,276000.0,275900.0,276700.0,270800.0,270500.0,261400.0,255100.0,274500.0,284600.0,379000.0,360400.0,12
24007730,0.8660254037844387,339700.0,261900.0,260900.0,262900.0,227500.0,227500.0,227500.0,227500.0,227500.0,227500.0,227500.0,227500.0,12
24005903,0.8660254037844387,577000.0,424402.0,424402.0,424402.0,424402.0,424402.0,424402.0,424402.0,424402.0,424402.0,424402.0,424402.0,12
24008187,0.8660254037844387,420000.0,349000.0,350800.0,351800.0,358100.0,346000.0,347600.0,346600.0,347700.0,347800.0,337500.0,331900.0,12
24008209,0.8660254037844387,237800.0,218800.0,219200.0,220800.0,224100.0,226800.0,226400.0,232800.0,235000.0,230100.0,228300.0,223800.0,12
24004421,0.8660254037844387,372700.0,358600.0,352400.0,350600.0,358700.0,370800.0,359300.0,364500.0,364500.0,360800.0,322100.0,279700.0,12
24005922,0.8660254037844387,289900.0,282200.0,278200.0,277300.0,278700.0,276100.0,277300.0,277800.0,280400.0,272200.0,270400.0,263700.0,12
24004825,0.8660254037844387,323600.0,296900.0,298100.0,295300.0,341500.0,339400.0,343100.0,338700.0,277700.0,275300.0,273200.0,271200.0,12
24007991,0.8660254037844387,160100.0,126000.0,126700.0,124600.0,126200.0,130400.0,131800.0,130600.0,130200.0,129100.0,128100.0,126900.0,12
24001466,0.8660254037844387,406700.0,357600.0,353600.0,353100.0,357900.0,352900.0,346300.0,354100.0,345400.0,352700.0,341800.0,336800.0,12
24006062,0.8660254037844387,569800.0,569800.0,569800.0,569800.0,569800.0,569800.0,569800.0,569800.0,569800.0,569800.0,569800.0,546300.0,12
24006176,0.8660254037844387,109800.0,102000.0,101200.0,100600.0,98700.0,102500.0,98700.0,98800.0,98800.0,99600.0,96500.0,93800.0,12
24002022,0.8660254037844387,232800.0,227700.0,226400.0,224700.0,223800.0,226500.0,229400.0,215900.0,215900.0,215900.0,215900.0,223000.0,12
24001492,0.8660254037844387,293600.0,238200.0,235200.0,235500.0,231900.0,231900.0,224300.0,223000.0,223200.0,219000.0,218400.0,217100.0,12
24008606,0.8660254037844387,278800.0,275200.0,271300.0,271900.0,269400.0,270200.0,271100.0,270500.0,274900.0,270300.0,253700.0,249100.0,12
24002809,0.8660254037844387,171700.0,178900.0,164400.0,183800.0,179300.0,195600.0,198700.0,193600.0,193100.0,193500.0,231300.0,221000.0,12
24004990,0.8660254037844387,228700.0,226900.0,225000.0,227100.0,227800.0,222000.0,222100.0,224100.0,223400.0,228300.0,216600.0,211700.0,12
24007749,0.8660254037844387,165200.0,137800.0,135800.0,131900.0,129200.0,134200.0,136300.0,136100.0,134400.0,131400.0,128200.0,126100.0,12
24004879,0.8660254037844387,580000.0,480900.0,476900.0,483200.0,488500.0,476700.0,475000.0,480300.0,475100.0,466400.0,470000.0,453800.0,12
24006342,0.8660254037844387,193600.0,141000.0,143200.0,141000.0,140000.0,140200.0,140300.0,139100.0,137600.0,135900.0,130700.0,127500.0,12
24007228,0.8660254037844387,378900.0,367600.0,361500.0,365500.0,374300.0,369600.0,369600.0,369400.0,357200.0,360300.0,360100.0,350500.0,12
24004129,0.8660254037844387,153700.0,150500.0,150600.0,149600.0,148600.0,147400.0,149400.0,147800.0,149600.0,145900.0,147900.0,142800.0,12
24003033,0.8660254037844387,160000.0,122100.0,122900.0,120600.0,118700.0,128700.0,132100.0,130300.0,130900.0,129700.0,125100.0,124400.0,12
24007144,0.8660254037844387,235800.0,232600.0,228800.0,228400.0,229500.0,230100.0,230700.0,227100.0,231800.0,228100.0,218900.0,214900.0,12
24005810,0.8660254037844387,357700.0,389200.0,387300.0,367900.0,356800.0,352900.0,360300.0,358600.0,371800.0,356000.0,348900.0,337700.0,12
24008219,0.8660254037844387,163100.0,159400.0,158200.0,162000.0,159800.0,159300.0,160400.0,158300.0,157600.0,153600.0,153100.0,149100.0,12
24006958,0.8660254037844387,393400.0,393600.0,387100.0,379200.0,373300.0,369800.0,369600.0,368700.0,363600.0,360900.0,358700.0,354800.0,12
24005873,0.8660254037844387,220200.0,220700.0,220300.0,216200.0,225700.0,222500.0,128600.0,128900.0,130200.0,131000.0,131400.0,138600.0,12
24007292,0.8660254037844387,147900.0,148500.0,149500.0,149800.0,152100.0,147400.0,145200.0,142700.0,141900.0,140600.0,137100.0,136800.0,12
24004770,0.8660254037844387,449600.0,439400.0,437300.0,430900.0,434200.0,430200.0,429300.0,429300.0,427300.0,433600.0,422100.0,419600.0,12
24009076,0.8660254037844387,144400.0,142800.0,141500.0,238900.0,239800.0,242100.0,239200.0,236100.0,236300.0,234100.0,224100.0,220100.0,12
24007254,0.8660254037844387,226500.0,219900.0,220700.0,219900.0,213000.0,219100.0,218500.0,222200.0,215900.0,214000.0,214300.0,209400.0,12
24005878,0.8660254037844387,423000.0,413800.0,408500.0,409100.0,402600.0,402700.0,389600.0,387300.0,387700.0,380500.0,379300.0,377100.0,12
24007546,0.8660254037844387,269200.0,263400.0,264000.0,261900.0,267300.0,256800.0,258300.0,252100.0,239400.0,230500.0,225400.0,226000.0,12
24007073,0.8660254037844387,233100.0,230800.0,225400.0,220200.0,224400.0,223200.0,222100.0,216600.0,237000.0,216600.0,222000.0,217200.0,12
24005545,0.8660254037844387,351100.0,347900.0,341700.0,342700.0,351000.0,334300.0,341200.0,334400.0,338400.0,332900.0,322300.0,317500.0,12
24003332,0.8660254037844387,498300.0,485700.0,482200.0,478300.0,514700.0,492200.0,488600.0,498100.0,485200.0,494000.0,487500.0,484300.0,12
24007045,0.8660254037844387,294800.0,284000.0,279500.0,278200.0,273500.0,278500.0,279300.0,276500.0,276100.0,272700.0,268700.0,261900.0,12
24008377,0.8660254037844387,185400.0,181200.0,179800.0,176600.0,185000.0,188800.0,192800.0,188300.0,189500.0,182700.0,178700.0,173300.0,12
24007299,0.8660254037844387,255200.0,248800.0,247300.0,245000.0,245700.0,247200.0,245500.0,240500.0,243800.0,237800.0,230300.0,223700.0,12
24009032,0.8660254037844387,290700.0,284300.0,277800.0,277800.0,264300.0,270500.0,272200.0,274300.0,278900.0,267000.0,271400.0,260900.0,12
24006126,0.8660254037844387,210600.0,210600.0,210600.0,210600.0,210600.0,159100.0,157900.0,160000.0,161000.0,163600.0,159100.0,160000.0,12
24005516,0.8660254037844387,2766300.0,2303400.0,2261500.0,2243900.0,2294300.0,2314400.0,2257300.0,2286800.0,2197200.0,2274500.0,2229300.0,2175900.0,12
24006415,0.8660254037844387,466000.0,472700.0,482800.0,486600.0,481100.0,484600.0,468800.0,465300.0,463300.0,454000.0,451900.0,449200.0,12
24002030,0.8660254037844387,5184700.0,4948800.0,4949900.0,4886500.0,4951600.0,4982900.0,4963200.0,4957300.0,4921700.0,4889100.0,4883800.0,4800300.0,12
24007425,0.8660254037844387,440400.0,391000.0,378600.0,377600.0,381900.0,389400.0,392200.0,388500.0,386400.0,382100.0,375400.0,369400.0,12
24008145,0.8660254037844387,420300.0,334500.0,327100.0,327900.0,324200.0,332100.0,332600.0,330000.0,337900.0,335500.0,317300.0,310800.0,12
24006196,0.8660254037844387,1583200.0,1516200.0,1522200.0,1518100.0,1499100.0,1501300.0,1504300.0,1496000.0,1512600.0,1494700.0,1440900.0,1405500.0,12
24006216,0.8660254037844387,1161600.0,1099100.0,1097300.0,1112000.0,1112300.0,1097200.0,1082400.0,1092100.0,1107100.0,1080700.0,1106500.0,1054800.0,12
24008178,0.8660254037844387,2786900.0,2683600.0,2684500.0,2696400.0,2705300.0,2727500.0,2749900.0,2768500.0,1846000.0,1770400.0,1750100.0,1686100.0,12
24006543,0.8660254037844387,943500.0,1010100.0,985900.0,997500.0,921300.0,943400.0,973200.0,960300.0,918700.0,906900.0,912500.0,891800.0,12
24008458,0.8660254037844387,670500.0,617700.0,658800.0,658300.0,759800.0,731700.0,624200.0,622200.0,633000.0,614500.0,588500.0,581500.0,12
24001637,0.8660254037844387,598900.0,587300.0,571200.0,567100.0,559200.0,572600.0,570900.0,568300.0,578700.0,569400.0,560300.0,544900.0,12
24007421,0.8660254037844387,1595300.0,1491300.0,1484400.0,1484500.0,1532700.0,1523300.0,1546900.0,1524100.0,1463400.0,1529700.0,1489400.0,1448600.0,12
24004247,0.8660254037844387,521400.0,511300.0,502700.0,502000.0,516300.0,500100.0,501500.0,497900.0,509100.0,472300.0,475400.0,467200.0,12
24003282,0.8660254037844387,1714000.0,688300.0,676300.0,670500.0,682100.0,689000.0,684700.0,686600.0,670000.0,664800.0,658100.0,633600.0,12
24000768,0.8660254037844387,797700.0,793400.0,797900.0,788800.0,794300.0,794800.0,797000.0,809200.0,815500.0,819900.0,557200.0,550800.0,12
24002271,0.8660254037844387,324400.0,315700.0,309900.0,312300.0,313700.0,314600.0,315000.0,311000.0,308300.0,304200.0,297300.0,291700.0,12
24006645,0.8660254037844387,280900.0,275900.0,270700.0,272000.0,269100.0,270900.0,270000.0,267100.0,274500.0,271800.0,259600.0,257000.0,12
24007581,0.8660254037844387,599300.0,597800.0,589100.0,593500.0,597400.0,598000.0,598600.0,591000.0,591000.0,591000.0,591000.0,591000.0,12
24008737,0.8660254037844387,584100.0,582400.0,573600.0,578200.0,582300.0,582600.0,583400.0,577400.0,577400.0,577400.0,577400.0,577400.0,12
24007156,0.8660254037844387,733500.0,737400.0,734300.0,769100.0,725900.0,728800.0,617600.0,615600.0,611200.0,609900.0,486300.0,556100.0,12
24008361,0.8660254037844387,798300.0,648400.0,638500.0,359600.0,362300.0,364100.0,365200.0,364100.0,501600.0,356400.0,521600.0,502000.0,12
24005236,0.8660254037844387,4143900.0,4142400.0,4025000.0,4050500.0,4083500.0,4405500.0,4282700.0,4298000.0,4585100.0,4295100.0,4096000.0,3911200.0,12
24006170,0.8660254037844387,768400.0,715300.0,716100.0,717100.0,717900.0,719100.0,811000.0,741100.0,732600.0,770700.0,725300.0,726300.0,12
24001003,0.8660254037844387,450100.0,434000.0,428000.0,423800.0,423800.0,413800.0,402900.0,401400.0,409500.0,404300.0,383500.0,371900.0,12
24004597,0.8660254037844387,253400.0,294100.0,304100.0,264600.0,261300.0,268100.0,267800.0,267700.0,271200.0,262200.0,260000.0,250400.0,12
24006417,0.8660254037844387,650400.0,698000.0,689600.0,774600.0,780600.0,783200.0,790100.0,793600.0,802200.0,658700.0,634700.0,621600.0,12
24007111,0.8660254037844387,282800.0,275200.0,267700.0,270200.0,252600.0,250200.0,254600.0,255500.0,263800.0,255500.0,247000.0,240200.0,12
24008354,0.8660254037844387,248000.0,234000.0,230200.0,231300.0,225000.0,227300.0,230500.0,230400.0,239100.0,231000.0,219600.0,212000.0,12
24004491,0.8660254037844387,232800.0,233800.0,230600.0,231600.0,225700.0,228700.0,227500.0,222400.0,225800.0,217700.0,221700.0,210300.0,12
24008879,0.8660254037844387,570300.0,558400.0,542100.0,540800.0,553200.0,564100.0,570300.0,561900.0,567200.0,566700.0,559700.0,547200.0,12
24008431,0.8660254037844387,810500.0,813800.0,811200.0,807300.0,813700.0,815700.0,820300.0,833600.0,840300.0,863800.0,534100.0,527800.0,12
24007332,0.8660254037844387,1598600.0,1552200.0,1530800.0,1502600.0,1578600.0,1592600.0,1599800.0,1609900.0,1587700.0,1568100.0,1543100.0,1492200.0,12
24005592,0.8660254037844387,1775400.0,1762800.0,1766700.0,1957200.0,1955000.0,1969500.0,2185000.0,919500.0,923500.0,932300.0,900300.0,880600.0,12
24001015,0.8660254037844387,4796600.0,4769500.0,4776800.0,4613000.0,4619700.0,4955500.0,4960800.0,4990200.0,4928800.0,4985500.0,4899000.0,4908000.0,12
24002587,0.8660254037844387,4539600.0,4359800.0,4381900.0,4387600.0,4411100.0,4488400.0,4540900.0,4187100.0,4133900.0,4281800.0,4150900.0,4130100.0,12
24002632,0.8660254037844387,620300.0,598000.0,601400.0,597900.0,604400.0,608200.0,589800.0,597000.0,599600.0,600800.0,557300.0,546100.0,12
24006186,0.8660254037844387,817900.0,728200.0,714500.0,717900.0,727300.0,733900.0,741000.0,726800.0,746300.0,718700.0,731300.0,734300.0,12
24002960,0.8660254037844387,286400.0,273100.0,268700.0,269600.0,268200.0,270900.0,268900.0,269000.0,275600.0,261800.0,260300.0,249800.0,12
24008338,0.8660254037844387,297600.0,285200.0,281900.0,280600.0,264100.0,272200.0,273100.0,275100.0,281500.0,271900.0,268400.0,259000.0,12
24006631,0.8660254037844387,358400.0,344100.0,339200.0,339000.0,328900.0,342900.0,341100.0,341900.0,350300.0,337100.0,327600.0,317300.0,12
24001006,-0.5000000000000004,177300.0,177300.0,177300.0,177300.0,177300.0,177300.0,177300.0,177300.0,177300.0,177300.0,177300.0,177300.0,12
24006863,0.8660254037844387,2249600.0,2244600.0,2254900.0,2268600.0,2276000.0,2279600.0,2281600.0,4968800.0,4968800.0,4968800.0,4958500.0,5055000.0,12
24004690,0.8660254037844387,599400.0,598000.0,577400.0,578700.0,608100.0,624100.0,633800.0,615400.0,614600.0,601500.0,586900.0,571200.0,12
24006564,0.8660254037844387,276300.0,263800.0,259000.0,258800.0,260500.0,264700.0,270700.0,275000.0,271300.0,264000.0,257800.0,249100.0,12
24008747,0.8660254037844387,711200.0,684000.0,672800.0,678000.0,683600.0,692700.0,686500.0,689300.0,706300.0,687600.0,676100.0,647500.0,12
24007148,0.8660254037844387,1435100.0,1421200.0,1429100.0,1429600.0,1438500.0,1445900.0,1452200.0,1450600.0,1455700.0,2300000.0,2300000.0,2300000.0,12
24007896,0.8660254037844387,556200.0,546800.0,531500.0,530500.0,536300.0,535300.0,536400.0,527400.0,528600.0,529100.0,519000.0,518700.0,12
24008069,0.8660254037844387,585700.0,584800.0,586400.0,589800.0,594200.0,594600.0,596000.0,586200.0,591400.0,597200.0,596000.0,601400.0,12
24006185,0.8660254037844387,355800.0,352800.0,343600.0,343400.0,347300.0,341900.0,345100.0,339300.0,342900.0,342900.0,328800.0,324500.0,12
24008876,0.8660254037844387,358000.0,344500.0,340900.0,346200.0,349200.0,343900.0,346700.0,352100.0,341500.0,345200.0,326400.0,324300.0,12
24002874,0.8660254037844387,2082100.0,2063300.0,2283200.0,2261400.0,2278900.0,2295600.0,2762400.0,963400.0,753700.0,753700.0,753700.0,731200.0,12
24008455,0.8660254037844387,337500.0,321700.0,316700.0,314600.0,315500.0,317400.0,317600.0,325300.0,344500.0,325400.0,324500.0,315600.0,12
24008580,0.8660254037844387,925600.0,906400.0,895700.0,898200.0,894600.0,888100.0,885000.0,896200.0,865800.0,890400.0,861900.0,835800.0,12
24007352,0.8660254037844387,495900.0,495300.0,495200.0,498000.0,503600.0,489500.0,493200.0,544500.0,543000.0,531400.0,536300.0,517400.0,12
24005813,0.8660254037844387,599200.0,597800.0,588700.0,593300.0,597300.0,597700.0,598700.0,592300.0,592300.0,592300.0,592300.0,592300.0,12
24008859,0.8660254037844387,579400.0,577700.0,569200.0,573600.0,577400.0,578000.0,578700.0,572500.0,572500.0,572500.0,572500.0,572500.0,12
24008227,0.8660254037844387,592200.0,590700.0,582100.0,586500.0,590400.0,590900.0,591600.0,584800.0,584800.0,584800.0,584800.0,584800.0,12
24008724,0.8660254037844387,569100.0,567500.0,559100.0,563500.0,567400.0,567800.0,568400.0,562600.0,562600.0,562600.0,562600.0,562600.0,12
24007026,0.8660254037844387,606300.0,604900.0,595900.0,600400.0,604300.0,604800.0,605700.0,598600.0,598600.0,598600.0,598600.0,598600.0,12
24008519,0.8660254037844387,400800.0,397000.0,409400.0,392100.0,378700.0,373800.0,375600.0,366100.0,367600.0,365300.0,364700.0,367600.0,12
24007587,0.8660254037844387,484900.0,457500.0,428600.0,406300.0,393500.0,377700.0,385200.0,380700.0,391400.0,398000.0,380200.0,368800.0,12
24001858,0.8660254037844387,305200.0,295000.0,288200.0,290000.0,291200.0,293000.0,295200.0,291900.0,291100.0,289400.0,281400.0,276100.0,12
24007395,0.8660254037844387,593700.0,462500.0,456900.0,456200.0,477600.0,467600.0,502200.0,503400.0,478500.0,487600.0,453600.0,452900.0,12
24007396,0.8660254037844387,1354200.0,1293300.0,1286600.0,1250300.0,1315700.0,1294700.0,1318700.0,1325500.0,1306700.0,1344800.0,1243100.0,1204000.0,12
24001407,0.8660254037844387,305500.0,308000.0,309100.0,310500.0,336300.0,357000.0,352600.0,351900.0,357900.0,349200.0,340400.0,330300.0,12
24008539,0.8660254037844387,695800.0,605300.0,542900.0,233600.0,236700.0,240200.0,242100.0,246200.0,248600.0,250700.0,485600.0,482700.0,12
170448023,0.8660254037844387,754200.0,742500.0,725600.0,722500.0,729600.0,730700.0,734000.0,730200.0,750800.0,739200.0,689000.0,689000.0,12
170447233,0.8660254037844387,793800.0,767800.0,765100.0,757600.0,777200.0,762300.0,763200.0,762600.0,740300.0,728600.0,722200.0,724100.0,12
170451650,0.8660254037844387,2498000.0,2089300.0,2047900.0,2121300.0,2180600.0,2105300.0,2159000.0,2085400.0,2142600.0,2003800.0,2139300.0,2153800.0,12
24008117,0.8660254037844387,779500.0,758900.0,761100.0,761100.0,761100.0,761100.0,761100.0,761100.0,751600.0,757800.0,694800.0,694800.0,12
24008092,0.8660254037844387,588800.0,586900.0,578500.0,583000.0,587000.0,587600.0,588300.0,579400.0,579400.0,579400.0,579400.0,579400.0,12
24000040,0.8660254037844387,335400.0,352800.0,196700.0,194300.0,191200.0,196400.0,198000.0,200600.0,199000.0,195400.0,188300.0,183800.0,12
24008089,0.8660254037844387,1385100.0,1389000.0,1876500.0,1876500.0,1876500.0,1876500.0,1876500.0,1876500.0,1876500.0,1876500.0,1876500.0,1841700.0,12
24000108,0.8660254037844387,589100.0,587400.0,578500.0,583100.0,587200.0,587500.0,588300.0,581800.0,581800.0,581800.0,581800.0,581800.0,12
24000070,0.8660254037844387,559200.0,557500.0,549300.0,553700.0,557500.0,557900.0,558400.0,552600.0,552600.0,552600.0,552600.0,552600.0,12
24000566,0.8660254037844387,725900.0,748700.0,753800.0,681200.0,678500.0,675300.0,665900.0,672000.0,681000.0,689300.0,661500.0,661500.0,12
24000645,0.8660254037844387,1446500.0,1298200.0,1303600.0,1301800.0,1304700.0,1440200.0,1658300.0,1047500.0,1022100.0,1035400.0,1029900.0,1000400.0,12
24000638,0.8660254037844387,82900.0,79500.0,82900.0,76500.0,79500.0,79400.0,83100.0,83000.0,77300.0,74700.0,69300.0,66800.0,12
24000626,0.8660254037844387,572600.0,549400.0,514600.0,520600.0,523000.0,527800.0,527400.0,519800.0,520000.0,430800.0,459600.0,459900.0,12
24000658,0.8660254037844387,677300.0,661100.0,649000.0,660300.0,678900.0,659600.0,680700.0,665100.0,641300.0,637200.0,613900.0,604900.0,12
24004305,0.8660254037844387,1090400.0,1056900.0,1038800.0,1026200.0,1049100.0,1047600.0,1045800.0,1056400.0,1092100.0,1096000.0,1016400.0,990400.0,12
24000547,0.8660254037844387,2122200.0,1484300.0,1946400.0,1942800.0,1946600.0,1944400.0,1955300.0,1959500.0,1923300.0,1925700.0,1999000.0,1999600.0,12
24000327,0.8660254037844387,579000.0,577200.0,569000.0,573400.0,577300.0,577800.0,578400.0,571700.0,571700.0,571700.0,571700.0,571700.0,12
24007882,0.8660254037844387,1430700.0,1401900.0,1389800.0,1404600.0,1434600.0,1406100.0,1387600.0,1375600.0,1360400.0,1358400.0,1357700.0,1351500.0,12
24003346,0.8660254037844387,1152800.0,1074300.0,1065200.0,1061100.0,1049400.0,1033200.0,1040400.0,1042400.0,1067500.0,1025200.0,1057000.0,1030800.0,12
24007945,0.8660254037844387,251400.0,245300.0,239200.0,237500.0,236300.0,236200.0,236200.0,233800.0,240100.0,236500.0,228700.0,222500.0,12
24007781,0.8660254037844387,337500.0,327400.0,322300.0,321900.0,323000.0,328400.0,333200.0,329800.0,339400.0,263000.0,266100.0,268000.0,12
24008708,0.8660254037844387,858100.0,848100.0,833700.0,847900.0,889500.0,927400.0,1002300.0,980900.0,983700.0,911800.0,829500.0,762100.0,12
170236771,0.8660254037844387,945100.0,945700.0,947900.0,942600.0,935900.0,943000.0,953100.0,953700.0,953700.0,959500.0,981700.0,954700.0,12
170236784,-0.8660254037844384,160000.0,160000.0,160000.0,160000.0,160000.0,160000.0,160000.0,160000.0,160000.0,160000.0,160000.0,160000.0,12
24008116,0.8660254037844387,2189300.0,2194400.0,2188300.0,2212800.0,2212900.0,2211100.0,2246200.0,2145400.0,2375900.0,2396000.0,2319600.0,2288900.0,12
24000066,0.8660254037844387,302500.0,301200.0,304900.0,303700.0,306600.0,308700.0,312500.0,311300.0,312300.0,316900.0,330700.0,320100.0,12
24000141,0.8660254037844387,825500.0,805000.0,792500.0,804100.0,875400.0,906200.0,908900.0,1382300.0,1391500.0,1403400.0,1426900.0,1478500.0,12
24004311,0.8660254037844387,1466100.0,1462500.0,1468300.0,1474700.0,1484700.0,1479300.0,1498500.0,1506300.0,1515400.0,1540500.0,1562000.0,1555900.0,12
24008008,0.8660254037844387,2592300.0,2600100.0,2611100.0,2635300.0,2652500.0,2645400.0,2669700.0,2699000.0,2699000.0,2699000.0,2699000.0,2699000.0,12
24007820,0.8660254037844387,208100.0,153200.0,153200.0,153200.0,153200.0,153200.0,153900.0,210500.0,210500.0,210500.0,210500.0,202200.0,12
24007776,0.8660254037844387,391400.0,382100.0,376900.0,379200.0,379400.0,389700.0,388400.0,386800.0,392500.0,379400.0,364600.0,356300.0,12
24008056,0.8660254037844387,493600.0,484700.0,473700.0,474000.0,483000.0,489100.0,489800.0,483500.0,482800.0,489000.0,492400.0,467800.0,12
24008077,0.8660254037844387,370900.0,359100.0,356700.0,354900.0,337500.0,347500.0,344600.0,342600.0,360600.0,338000.0,323900.0,316200.0,12
24006602,0.8660254037844387,2405700.0,2357900.0,2317600.0,2336100.0,2183500.0,2195700.0,2221500.0,2206000.0,2222600.0,2119900.0,2045200.0,2020400.0,12
24007787,0.8660254037844387,214800.0,206200.0,201900.0,201500.0,190100.0,196700.0,194400.0,196000.0,197300.0,193500.0,187100.0,182100.0,12
24007912,0.8660254037844387,1428800.0,1432900.0,1433100.0,1448100.0,1455600.0,1456100.0,1467900.0,750600.0,1425400.0,1433100.0,1456200.0,1447700.0,12
170489032,0.8660254037844387,8116000.0,8124600.0,8126300.0,8234300.0,8237600.0,8212700.0,8385500.0,8058600.0,8103300.0,8152600.0,8329400.0,8269600.0,12
24007798,0.8660254037844387,96100.0,94400.0,94000.0,91700.0,91400.0,90000.0,87700.0,88300.0,87900.0,86300.0,85900.0,85300.0,12
24007825,0.8660254037844387,268800.0,260700.0,242000.0,242100.0,238100.0,239800.0,242200.0,243600.0,249800.0,234000.0,248500.0,235800.0,12
24002123,0.8660254037844387,3124100.0,3134900.0,3135900.0,3150800.0,3150800.0,3219200.0,3219200.0,813200.0,3265000.0,816600.0,730500.0,719000.0,12
24007806,0.8660254037844387,3240200.0,3238100.0,3275700.0,3269200.0,3280700.0,3337400.0,3341600.0,3396700.0,2512300.0,2528700.0,1978222.0,1978222.0,12
24004002,0.8660254037844387,2585500.0,2577500.0,2579200.0,2572300.0,2595800.0,2614800.0,2605200.0,3010100.0,3029700.0,3028900.0,3060800.0,2159100.0,12
24000425,0.8660254037844387,6390100.0,6365600.0,6353700.0,6351500.0,6366700.0,6373300.0,6406700.0,6433200.0,7262000.0,7456200.0,7118700.0,7034200.0,12
24000586,0.8660254037844387,610000.0,611900.0,612100.0,614600.0,618000.0,623000.0,623000.0,655100.0,654100.0,657100.0,584900.0,578700.0,12
24008119,0.8660254037844387,405200.0,405000.0,402700.0,414100.0,418300.0,415000.0,415500.0,418800.0,436000.0,469400.0,392100.0,379100.0,12
24002996,0.8660254037844387,1847300.0,1839700.0,1823500.0,2053700.0,2059200.0,2088400.0,2104400.0,2118000.0,2021600.0,1840700.0,1948300.0,1863500.0,12
24008126,0.8660254037844387,1021800.0,1192100.0,1157600.0,1171500.0,1179600.0,1179300.0,1188700.0,1199600.0,1206600.0,1227500.0,1159600.0,1084700.0,12
24007931,0.8660254037844387,314100.0,304700.0,297400.0,301000.0,299500.0,766700.0,766700.0,766700.0,766700.0,766700.0,766700.0,228641.0,12
24007977,0.8660254037844387,407900.0,406900.0,403800.0,407000.0,407900.0,411800.0,413100.0,412600.0,408700.0,612800.0,604100.0,236100.0,12
170525231,0.8660254037844387,3416000.0,3428300.0,3432900.0,3470400.0,3474000.0,3470600.0,3502900.0,3537100.0,3564000.0,3595900.0,3504700.0,1767800.0,12
170506751,0.8660254037844387,275100.0,262600.0,257900.0,258600.0,250400.0,258300.0,256800.0,258300.0,256400.0,250700.0,249400.0,239500.0,12
170509414,0.8660254037844387,785300.0,799900.0,874800.0,867400.0,871800.0,869000.0,943400.0,952000.0,957100.0,771100.0,780600.0,773200.0,12
24007852,0.8660254037844387,588900.0,582700.0,658900.0,655100.0,652900.0,655600.0,656900.0,653800.0,666100.0,676800.0,200848.0,200848.0,12
24007826,0.8660254037844387,1212800.0,1167200.0,1185000.0,1167200.0,1200000.0,1178700.0,1149600.0,1293300.0,1266800.0,1250100.0,1250200.0,1217500.0,12
24007865,0.8660254037844387,1784200.0,1781800.0,1779300.0,1786900.0,1786800.0,1801400.0,1816600.0,1820000.0,1826800.0,1712900.0,1629700.0,1597900.0,12
170511696,0.8660254037844387,1474900.0,1481300.0,1481700.0,1473000.0,1479800.0,1488800.0,1491500.0,1498500.0,1503300.0,1521300.0,1524000.0,489500.0,12
24007864,0.8660254037844387,712400.0,152100.0,694400.0,694300.0,695100.0,699600.0,702400.0,700300.0,700700.0,705300.0,726600.0,732000.0,12
170524421,0.8660254037844387,2968400.0,3083900.0,3101500.0,3092100.0,3424000.0,3462500.0,3484000.0,3503100.0,3222000.0,3348600.0,3348600.0,3348600.0,12
24007808,0.8660254037844387,848400.0,852000.0,853100.0,850800.0,855000.0,851200.0,876700.0,1006000.0,898900.0,901500.0,879900.0,899000.0,12
24007941,0.8660254037844387,270600.0,269300.0,262600.0,261700.0,275900.0,275800.0,275300.0,268000.0,279700.0,276400.0,298200.0,250100.0,12
170597313,0.8660254037844387,6491900.0,6509500.0,6537900.0,6603200.0,6615000.0,6661100.0,6712500.0,6724000.0,6858200.0,7023500.0,6588500.0,6766800.0,12
24007796,0.8660254037844387,3240500.0,3251300.0,3218700.0,3570500.0,3594800.0,3606100.0,4114200.0,4113100.0,4163100.0,4248800.0,3421214.0,3421214.0,12
24007827,0.8660254037844387,2357900.0,2363900.0,2366000.0,2372800.0,2381700.0,2402500.0,2423700.0,2435300.0,2415800.0,2262900.0,2577300.0,2684400.0,12
24007844,0.8660254037844387,233300.0,230600.0,227700.0,228900.0,229900.0,230800.0,230600.0,226800.0,233300.0,243400.0,264300.0,266000.0,12
170236797,0.8660254037844387,1648600.0,1650100.0,1610900.0,1627100.0,1638300.0,1642800.0,1653800.0,1607500.0,1752700.0,1752700.0,1752700.0,1204000.0,12
170237106,0.8660254037844387,868300.0,871100.0,868700.0,878800.0,885700.0,888000.0,891100.0,908300.0,913300.0,942200.0,895000.0,623000.0,12
170236816,0.8660254037844387,213900.0,215400.0,215200.0,211400.0,254400.0,257700.0,261600.0,263300.0,204300.0,202800.0,197800.0,188600.0,12
170236821,0.8660254037844387,2684600.0,2674000.0,2678100.0,2741400.0,2750700.0,2747400.0,2784500.0,2814100.0,2838100.0,2881700.0,2658600.0,2658600.0,12
170236695,0.8660254037844387,638500.0,639300.0,637400.0,630900.0,633400.0,662300.0,661900.0,658300.0,661900.0,661900.0,689800.0,650400.0,12
24008107,0.8660254037844387,300500.0,299700.0,302100.0,299400.0,302200.0,304000.0,308700.0,310000.0,308000.0,313000.0,304600.0,217600.0,12
24008102,0.8660254037844387,510500.0,510800.0,512900.0,515300.0,518000.0,519200.0,520000.0,533400.0,536600.0,542100.0,489500.0,485500.0,12
24008104,0.8660254037844387,4505200.0,4500100.0,4499900.0,4487800.0,4485400.0,4683500.0,4707900.0,5849400.0,5895200.0,3091700.0,5510000.0,5901000.0,12
24008105,0.8660254037844387,4802800.0,5654100.0,5655000.0,5698500.0,5691900.0,5710900.0,5759500.0,5794600.0,5866100.0,3000900.0,3000400.0,2931300.0,12
24000090,0.8660254037844387,8516200.0,8459900.0,8423200.0,10612300.0,10590300.0,10659800.0,10755200.0,10750600.0,10842900.0,11213600.0,6059100.0,5972500.0,12
24000114,0.8660254037844387,206400.0,205200.0,206400.0,207400.0,211500.0,212400.0,216100.0,222800.0,282600.0,279300.0,264800.0,258600.0,12
24000363,0.8660254037844387,758200.0,755600.0,711700.0,713400.0,713700.0,778000.0,788000.0,797500.0,483300.0,475800.0,478600.0,470100.0,12
24000665,0.8660254037844387,3202400.0,3201500.0,3194900.0,3180000.0,3203900.0,3220600.0,3229700.0,3225500.0,3891900.0,3901500.0,3774800.0,2385100.0,12
24008115,0.8660254037844387,270800.0,269400.0,265400.0,267700.0,270100.0,270200.0,269500.0,256700.0,291500.0,291300.0,291200.0,275100.0,12
24008088,0.8660254037844387,566900.0,562400.0,573600.0,573600.0,573600.0,573600.0,573600.0,573200.0,569400.0,639000.0,614000.0,455800.0,12
24000068,0.8660254037844387,266500.0,267800.0,265000.0,297100.0,299600.0,305300.0,306000.0,308600.0,309900.0,309700.0,306200.0,403600.0,12
170373265,0.8660254037844387,1910800.0,1915400.0,1905000.0,1905000.0,1905000.0,1899500.0,1892700.0,2121200.0,2150200.0,1433000.0,1391700.0,1337900.0,12
170360404,0.8660254037844387,1286100.0,1280100.0,1279200.0,1282400.0,1278600.0,1288300.0,1302500.0,1305700.0,1314000.0,1336100.0,1260300.0,1272900.0,12
24000015,0.8660254037844387,1008000.0,1009200.0,1010400.0,1008600.0,1011300.0,1019700.0,1024300.0,1025300.0,1029600.0,910100.0,859800.0,828600.0,12
170561331,0.8660254037844387,1435100.0,1421200.0,1429100.0,1429600.0,1438500.0,1445900.0,1452200.0,1450600.0,1455700.0,2300000.0,2300000.0,2300000.0,12
170236807,0.8660254037844387,2017000.0,2020100.0,2015200.0,2014000.0,2035200.0,2015100.0,2035500.0,2301800.0,2317500.0,2396300.0,2236200.0,2274000.0,12
170236830,0.8660254037844387,906100.0,902200.0,1071600.0,1073700.0,1080400.0,1094200.0,1102300.0,1120600.0,933600.0,947600.0,958200.0,950200.0,12
170461451,0.8660254037844387,1067900.0,1069400.0,1070500.0,1069600.0,1077300.0,1089900.0,1081900.0,1130900.0,1125200.0,1298100.0,1270600.0,708300.0,12
24005158,0.8660254037844387,236700.0,235000.0,232600.0,233400.0,235100.0,235800.0,235400.0,232400.0,236200.0,266400.0,264900.0,231100.0,12
24007815,0.8660254037844387,6682300.0,6682500.0,6698400.0,6766300.0,6786000.0,6740000.0,6935900.0,7022300.0,7022800.0,7145200.0,6423800.0,6423800.0,12
170540315,0.8660254037844387,974500.0,975000.0,977000.0,975800.0,979000.0,984000.0,986900.0,986200.0,1001100.0,390300.0,374000.0,363200.0,12
24007822,0.8660254037844387,384100.0,373400.0,369500.0,366800.0,354400.0,359200.0,363300.0,368500.0,369500.0,247400.0,241700.0,233200.0,12
24007830,0.8660254037844387,255600.0,254400.0,250700.0,252900.0,255000.0,255100.0,254600.0,247600.0,278700.0,216500.0,210000.0,205400.0,12
170626904,0.8660254037844387,261600.0,262900.0,263600.0,261700.0,288100.0,292200.0,294600.0,298500.0,301500.0,253200.0,247800.0,239000.0,12
170372447,0.8660254037844387,530700.0,360100.0,359200.0,351400.0,356900.0,364900.0,346800.0,342000.0,348700.0,352300.0,333800.0,328200.0,12
24006487,0.8660254037844387,2104900.0,2103500.0,2075500.0,2280200.0,2259800.0,2491200.0,2508500.0,2515200.0,2557100.0,2619900.0,1639700.0,1699100.0,12
24006432,0.8660254037844387,450100.0,449300.0,450100.0,451300.0,451700.0,452800.0,453500.0,444000.0,456100.0,445300.0,426000.0,418400.0,12
170544778,0.8660254037844387,1638300.0,1638300.0,1638300.0,1637900.0,1650900.0,1658000.0,1327200.0,1327200.0,1327200.0,1256400.0,1376200.0,1338000.0,12
24007811,0.8660254037844387,704900.0,680900.0,681500.0,681100.0,685300.0,687600.0,690500.0,685900.0,688700.0,696100.0,739800.0,305100.0,12
24007913,0.8660254037844387,276000.0,275900.0,278900.0,277400.0,281800.0,285100.0,290900.0,294000.0,310600.0,308600.0,294100.0,287500.0,12
170548921,0.8660254037844387,287500.0,286800.0,287300.0,285500.0,288600.0,291900.0,294400.0,292100.0,258500.0,259300.0,252100.0,246800.0,12
170550927,0.8660254037844387,704700.0,707800.0,704000.0,705000.0,713300.0,716900.0,727100.0,616800.0,632400.0,619200.0,591100.0,580900.0,12
24003696,0.8660254037844387,750000.0,752200.0,755200.0,755100.0,761000.0,770500.0,776900.0,787400.0,598300.0,595800.0,638200.0,627300.0,12
170553105,0.8660254037844387,762400.0,765300.0,766100.0,762700.0,766200.0,762200.0,818700.0,825800.0,718800.0,708200.0,784000.0,733200.0,12
170563159,0.8660254037844387,796200.0,797800.0,799900.0,806900.0,811600.0,812700.0,818300.0,605300.0,596500.0,606500.0,626600.0,634300.0,12
170564504,0.8660254037844387,259800.0,255100.0,251800.0,252100.0,257500.0,251600.0,251900.0,254700.0,250900.0,248700.0,255000.0,253600.0,12
170565168,0.8660254037844387,275300.0,274300.0,276100.0,275700.0,278800.0,280400.0,211200.0,209900.0,213000.0,211800.0,201400.0,193600.0,12
170563879,0.8660254037844387,4146300.0,4138500.0,4163400.0,4194000.0,4214400.0,4235700.0,4271300.0,4108100.0,4102600.0,4083700.0,4025900.0,4060600.0,12
170551213,0.8660254037844387,555900.0,555100.0,554600.0,551700.0,549000.0,558900.0,579300.0,574300.0,605300.0,675000.0,649000.0,631200.0,12
170547109,0.8660254037844387,7431100.0,7448200.0,7474500.0,7540100.0,7559600.0,7620500.0,7666500.0,7716700.0,7769600.0,7875300.0,7586900.0,7720400.0,12
170560300,0.8660254037844387,4738200.0,4970500.0,4992600.0,5030400.0,5051200.0,5082200.0,4992500.0,6193900.0,6193900.0,6193900.0,6193900.0,6193900.0,12
170500847,0.8660254037844387,317800.0,324500.0,329800.0,333500.0,380100.0,352800.0,356300.0,352900.0,362800.0,362700.0,345700.0,336300.0,12
24004961,0.8660254037844387,960600.0,1200400.0,1201900.0,1208400.0,1216800.0,814800.0,791100.0,791400.0,790600.0,769300.0,779100.0,767400.0,12
24007840,0.8660254037844387,339200.0,340500.0,339400.0,338300.0,337100.0,320900.0,320800.0,317500.0,326500.0,321500.0,308100.0,300800.0,12
170502721,0.8660254037844387,473100.0,471900.0,478200.0,474100.0,483200.0,383100.0,391800.0,387100.0,390000.0,387300.0,380800.0,372300.0,12
24007819,0.8660254037844387,2766800.0,2779800.0,2787400.0,2796700.0,2811000.0,2189700.0,2188100.0,2123300.0,2220600.0,3580400.0,3778800.0,3670700.0,12
24008400,0.8660254037844387,443800.0,440100.0,482600.0,484700.0,488400.0,374200.0,374200.0,374200.0,374200.0,374200.0,374200.0,374200.0,12
24008977,0.8660254037844387,706900.0,975000.0,977000.0,982600.0,379700.0,408500.0,407600.0,406300.0,390900.0,387000.0,285000.0,285000.0,12
24001370,0.8660254037844387,434200.0,432900.0,431100.0,433500.0,432800.0,347700.0,356100.0,364300.0,367400.0,363100.0,351600.0,338100.0,12
24007856,0.8660254037844387,948400.0,947900.0,948300.0,1129600.0,1215000.0,1215400.0,874000.0,850100.0,878700.0,862000.0,838600.0,823500.0,12
170504263,0.8660254037844387,938400.0,944300.0,1109200.0,1112800.0,475900.0,476200.0,474700.0,473200.0,467000.0,465400.0,573200.0,675800.0,12
170502731,0.8660254037844387,244400.0,245500.0,246000.0,246200.0,248400.0,248700.0,174400.0,173300.0,173400.0,170200.0,169700.0,168700.0,12
170494847,0.8660254037844387,5349400.0,5347100.0,5384500.0,5425800.0,5513400.0,5512000.0,5517000.0,5531800.0,5575400.0,6199300.0,5767800.0,6172100.0,12
170494928,0.8660254037844387,276300.0,270000.0,273800.0,281800.0,279300.0,274000.0,305700.0,146374.0,146374.0,146374.0,146374.0,146374.0,12
24007858,0.8660254037844387,14469100.0,14486900.0,14529100.0,14678100.0,14764500.0,12615100.0,12847400.0,13160600.0,11564400.0,11570000.0,12089500.0,12343100.0,12
24007986,0.8660254037844387,5949900.0,5948800.0,5992300.0,6018100.0,6031900.0,6081800.0,5965000.0,5976500.0,6000100.0,6019700.0,5983900.0,5907500.0,12
170568794,0.8660254037844387,1110500.0,1106100.0,1107200.0,1106400.0,1106000.0,1214500.0,1222100.0,1272400.0,1284100.0,733500.0,727400.0,705400.0,12
170589833,-2.4492935982947064e-16,825000.0,825000.0,825000.0,825000.0,825000.0,825000.0,825000.0,825000.0,825000.0,825000.0,825000.0,825000.0,12
170562166,0.8660254037844387,485400.0,485700.0,485300.0,486700.0,489300.0,560600.0,559300.0,560200.0,574800.0,551200.0,533000.0,520500.0,12
170570700,0.8660254037844387,2384600.0,2378000.0,2373700.0,2367500.0,2401500.0,2571600.0,2838400.0,2310400.0,2215000.0,1979100.0,1962400.0,1945600.0,12
170574313,0.8660254037844387,1490200.0,1497100.0,1713500.0,1721300.0,1789900.0,1850000.0,1834800.0,1821500.0,1880600.0,1842800.0,1771000.0,1730800.0,12
170577499,0.8660254037844387,561400.0,562500.0,565000.0,565600.0,572000.0,565900.0,570400.0,577400.0,579800.0,586300.0,525700.0,508000.0,12
170575054,0.8660254037844387,1889500.0,1887200.0,1895400.0,2155500.0,2158700.0,2358400.0,1251200.0,1251200.0,1210800.0,1218300.0,1213900.0,1172000.0,12
170589254,0.8660254037844387,285900.0,285800.0,287700.0,288700.0,291800.0,293000.0,281700.0,279600.0,281300.0,271100.0,271300.0,262700.0,12
170583407,0.8660254037844387,685500.0,690800.0,694200.0,703600.0,655600.0,658000.0,632200.0,636100.0,656400.0,695100.0,774900.0,790500.0,12
170571969,0.8660254037844387,740300.0,782600.0,781600.0,779800.0,847900.0,415800.0,429600.0,424200.0,462300.0,431300.0,417200.0,397700.0,12
170569030,0.8660254037844387,2499800.0,2501600.0,2437300.0,2462900.0,2471900.0,2465900.0,1711500.0,1666900.0,1664400.0,1677200.0,1782400.0,1761500.0,12
170569579,0.8660254037844387,535000.0,531000.0,537200.0,583400.0,587400.0,586800.0,551500.0,545100.0,538400.0,524500.0,513500.0,500100.0,12
170568844,0.8660254037844387,340700.0,340400.0,341800.0,344600.0,325500.0,332200.0,331400.0,336200.0,330400.0,325100.0,330600.0,316600.0,12
24007928,0.8660254037844387,908400.0,907300.0,910000.0,914800.0,920100.0,651300.0,647500.0,653500.0,628400.0,627400.0,628400.0,604300.0,12
170582276,0.8660254037844387,379600.0,403600.0,405900.0,407600.0,409200.0,347100.0,348000.0,348800.0,350000.0,350800.0,336100.0,324800.0,12
170577077,0.8660254037844387,986600.0,990300.0,995200.0,996500.0,998800.0,1000500.0,1089900.0,1096700.0,1100100.0,1106500.0,1099900.0,1398900.0,12
24007930,0.8660254037844387,377900.0,378800.0,380700.0,382100.0,384000.0,283500.0,274100.0,272100.0,271700.0,266500.0,265900.0,264300.0,12
170590168,0.8660254037844387,1131500.0,1185300.0,1190700.0,1198000.0,1211800.0,1119500.0,1281800.0,1283300.0,1295700.0,1336400.0,1275700.0,1292400.0,12
170583365,0.8660254037844387,269400.0,277600.0,274300.0,299400.0,259400.0,255000.0,259900.0,256700.0,260000.0,255500.0,247100.0,240300.0,12
170566930,0.8660254037844387,1548500.0,1422000.0,1681100.0,1493900.0,1496400.0,1508400.0,1591000.0,1702100.0,1718300.0,1735800.0,953700.0,934400.0,12
170577842,0.8660254037844387,712300.0,713300.0,714300.0,774700.0,505900.0,500200.0,494100.0,494600.0,492300.0,484400.0,464000.0,448600.0,12
170584711,0.8660254037844387,1341600.0,1360200.0,1360600.0,1360700.0,1450300.0,1070600.0,1093200.0,1098400.0,1054700.0,1070800.0,1032600.0,1000700.0,12
170585279,0.8660254037844387,231100.0,232800.0,233800.0,234500.0,255500.0,259900.0,262300.0,263600.0,261700.0,257700.0,252100.0,243600.0,12
170586950,0.8660254037844387,659600.0,667500.0,668000.0,702600.0,591300.0,583200.0,580200.0,587600.0,574800.0,561700.0,560900.0,547700.0,12
170590753,0.8660254037844387,502900.0,533800.0,542400.0,592900.0,596800.0,410800.0,408500.0,415200.0,424400.0,429500.0,430300.0,408000.0,12
170569362,0.8660254037844387,354500.0,356400.0,356400.0,356800.0,358500.0,309400.0,308300.0,305500.0,310000.0,308500.0,298600.0,291700.0,12
170562604,0.8660254037844387,490200.0,490800.0,492100.0,492100.0,496400.0,376300.0,373600.0,382100.0,374100.0,367800.0,359200.0,349100.0,12
170573371,0.8660254037844387,471500.0,550900.0,544900.0,541200.0,543100.0,544300.0,545300.0,575600.0,551300.0,560200.0,569800.0,573800.0,12
170569159,0.8660254037844387,473900.0,474800.0,489900.0,490200.0,494200.0,498500.0,497300.0,510700.0,517000.0,504100.0,509400.0,542800.0,12
170575167,0.8660254037844387,2732200.0,2871300.0,2866000.0,2859600.0,2903900.0,3103900.0,3182100.0,3262700.0,2091500.0,2228800.0,2191400.0,2124400.0,12
170577801,0.8660254037844387,286300.0,289700.0,295000.0,293900.0,309000.0,309100.0,339500.0,319600.0,316900.0,304300.0,310100.0,300500.0,12
170578486,0.8660254037844387,224500.0,225400.0,224700.0,222800.0,225400.0,238600.0,276000.0,229100.0,241400.0,238200.0,219900.0,213900.0,12
170584049,0.8660254037844387,314600.0,312600.0,292700.0,289000.0,363300.0,364500.0,334300.0,337800.0,343800.0,330800.0,322300.0,309500.0,12
170569377,0.8660254037844387,644000.0,594600.0,607600.0,590800.0,555100.0,625200.0,587400.0,587400.0,587400.0,394200.0,560700.0,539800.0,12
170569282,0.8660254037844387,422500.0,422400.0,424200.0,423000.0,452800.0,455500.0,413200.0,417400.0,412000.0,428200.0,445600.0,453600.0,12
170572846,0.8660254037844387,1342200.0,1339300.0,1338600.0,1344800.0,1526900.0,1538800.0,1601900.0,1615300.0,1627200.0,1642500.0,1633700.0,727200.0,12
170573564,0.8660254037844387,709700.0,708000.0,710900.0,712800.0,724400.0,724400.0,399600.0,402400.0,390100.0,408600.0,313100.0,326100.0,12
170588061,0.8660254037844387,1141900.0,1391900.0,1400100.0,1406100.0,1413700.0,1417500.0,615700.0,595100.0,618600.0,587200.0,488900.0,484900.0,12
170590856,0.8660254037844387,206400.0,204300.0,205600.0,238500.0,235000.0,305100.0,310200.0,309900.0,316800.0,311600.0,297700.0,285000.0,12
170573768,0.8660254037844387,6005100.0,6838000.0,6895900.0,6971600.0,7176600.0,7307700.0,5771400.0,5649800.0,5950800.0,5772900.0,5500200.0,5411600.0,12
170569894,0.8660254037844387,2191600.0,2201100.0,2193700.0,2194500.0,2308800.0,2313100.0,2259100.0,2186700.0,2186000.0,2533100.0,1214400.0,1207600.0,12
170573247,0.8660254037844387,533000.0,530400.0,553700.0,547300.0,608500.0,605400.0,625400.0,623100.0,613100.0,633100.0,582500.0,559200.0,12
170568117,0.8660254037844387,623700.0,620300.0,625900.0,621200.0,624300.0,428600.0,428600.0,428600.0,428600.0,428600.0,428600.0,428600.0,12
170572688,0.8660254037844387,465500.0,465200.0,467400.0,467200.0,470300.0,473200.0,302600.0,302100.0,299000.0,290200.0,289700.0,279300.0,12
170581886,0.8660254037844387,1243400.0,1361500.0,1367100.0,1367900.0,1377300.0,1134400.0,1162100.0,1136100.0,1132100.0,1125100.0,1056000.0,1045800.0,12
170578802,0.8660254037844387,467100.0,461200.0,547300.0,549100.0,553600.0,382100.0,378200.0,379600.0,391500.0,384500.0,374800.0,364100.0,12
170582099,0.8660254037844387,16753100.0,16716100.0,16851500.0,17027600.0,17102900.0,17228200.0,18108200.0,18108200.0,18108200.0,18186900.0,6732600.0,6659200.0,12
170571048,0.8660254037844387,448200.0,469800.0,469000.0,508000.0,509900.0,513500.0,513400.0,511800.0,524700.0,513800.0,491400.0,480400.0,12
170588941,0.8660254037844387,454000.0,441200.0,434000.0,436400.0,431000.0,434500.0,437900.0,435300.0,434300.0,427500.0,419700.0,408500.0,12
170586579,0.8660254037844387,14469100.0,14486900.0,14529100.0,14678100.0,14764500.0,12615100.0,12847400.0,13160600.0,11564400.0,11570000.0,12089500.0,12343100.0,12
170589171,0.8660254037844387,1077800.0,1078000.0,1078600.0,1219700.0,1195100.0,930600.0,952500.0,939400.0,936900.0,927700.0,887300.0,1056000.0,12
170567658,0.8660254037844387,2129900.0,2485100.0,2496500.0,2505100.0,2517700.0,870700.0,881800.0,879000.0,863700.0,857100.0,851200.0,818600.0,12
170571181,0.8660254037844387,994500.0,994700.0,983500.0,991500.0,994600.0,1143800.0,1146200.0,1140100.0,1134800.0,1167500.0,1141100.0,1113900.0,12
170568745,0.8660254037844387,1098600.0,1095900.0,1096500.0,1096200.0,1086400.0,1086200.0,1087700.0,685900.0,696700.0,693500.0,660800.0,645500.0,12
170567628,0.8660254037844387,918800.0,918100.0,960600.0,968000.0,975400.0,974900.0,1032700.0,1037600.0,1013500.0,1031900.0,1002000.0,979200.0,12
